time, x, y, vx, vy
0, 0.3, 100, 2.99999, -0.00499993
0.1, 0.599997, 99.999, 2.99994, -0.0149997
0.2, 0.899988, 99.997, 2.99987, -0.0249992
0.3, 1.19997, 99.994, 2.99976, -0.0349984
0.4, 1.49994, 99.99, 2.99963, -0.0449973
0.5, 1.7999, 99.985, 2.99946, -0.0549957
0.6, 2.09983, 99.979, 2.99927, -0.0649935
0.7, 2.39975, 99.972, 2.99904, -0.0749908
0.8, 2.69964, 99.964, 2.99879, -0.0849874
0.9, 2.99951, 99.955, 2.9985, -0.0949833
1, 3.29934, 99.945, 2.99819, -0.104978
1.1, 3.59914, 99.934, 2.99784, -0.114973
1.2, 3.89891, 99.922, 2.99747, -0.124966
1.3, 4.19864, 99.909, 2.99706, -0.134958
1.4, 4.49832, 99.895, 2.99663, -0.144949
1.5, 4.79796, 99.88, 2.99616, -0.154939
1.6, 5.09755, 99.864, 2.99567, -0.164928
1.7, 5.39709, 99.847, 2.99514, -0.174916
1.8, 5.69658, 99.829, 2.99459, -0.184902
1.9, 5.99601, 99.8101, 2.994, -0.194887
2, 6.29538, 99.7901, 2.99339, -0.20487
2.1, 6.59469, 99.7691, 2.99274, -0.214852
2.2, 6.89393, 99.7471, 2.99207, -0.224832
2.3, 7.1931, 99.7241, 2.99136, -0.23481
2.4, 7.4922, 99.7001, 2.99063, -0.244787
2.5, 7.79123, 99.6752, 2.98986, -0.254762
2.6, 8.09017, 99.6492, 2.98907, -0.264734
2.7, 8.38904, 99.6222, 2.98824, -0.274705
2.8, 8.68782, 99.5942, 2.98739, -0.284674
2.9, 8.98652, 99.5653, 2.9865, -0.294641
3, 9.28512, 99.5353, 2.98559, -0.304605
3.1, 9.58364, 99.5044, 2.98465, -0.314567
3.2, 9.88205, 99.4724, 2.98367, -0.324527
3.3, 10.1804, 99.4395, 2.98267, -0.334485
3.4, 10.4786, 99.4055, 2.98163, -0.34444
3.5, 10.7767, 99.3706, 2.98057, -0.354392
3.6, 11.0747, 99.3346, 2.97947, -0.364342
3.7, 11.3726, 99.2977, 2.97835, -0.374289
3.8, 11.6704, 99.2598, 2.9772, -0.384233
3.9, 11.968, 99.2209, 2.97601, -0.394175
4, 12.2656, 99.1809, 2.9748, -0.404114
4.1, 12.563, 99.14, 2.97355, -0.414049
4.2, 12.8603, 99.0981, 2.97228, -0.423982
4.3, 13.1574, 99.0552, 2.97098, -0.433911
4.4, 13.4545, 99.0113, 2.96964, -0.443838
4.5, 13.7514, 98.9665, 2.96828, -0.453761
4.6, 14.0481, 98.9206, 2.96689, -0.463681
4.7, 14.3448, 98.8737, 2.96546, -0.473597
4.8, 14.6412, 98.8259, 2.96401, -0.48351
4.9, 14.9376, 98.777, 2.96253, -0.493419
5, 15.2337, 98.7272, 2.96101, -0.503325
5.1, 15.5298, 98.6764, 2.95947, -0.513227
5.2, 15.8256, 98.6245, 2.9579, -0.523126
5.3, 16.1213, 98.5717, 2.95629, -0.53302
5.4, 16.4169, 98.5179, 2.95466, -0.542911
5.5, 16.7123, 98.4632, 2.953, -0.552797
5.6, 17.0075, 98.4074, 2.95131, -0.56268
5.7, 17.3025, 98.3506, 2.94958, -0.572559
5.8, 17.5974, 98.2929, 2.94783, -0.582433
5.9, 17.8921, 98.2341, 2.94605, -0.592303
6, 18.1866, 98.1744, 2.94424, -0.602169
6.1, 18.4809, 98.1137, 2.94239, -0.612031
6.2, 18.7751, 98.052, 2.94052, -0.621888
6.3, 19.069, 97.9893, 2.93862, -0.63174
6.4, 19.3628, 97.9257, 2.93669, -0.641588
6.5, 19.6564, 97.861, 2.93473, -0.651431
6.6, 19.9498, 97.7954, 2.93273, -0.66127
6.7, 20.2429, 97.7287, 2.93071, -0.671103
6.8, 20.5359, 97.6611, 2.92866, -0.680932
6.9, 20.8287, 97.5926, 2.92658, -0.690756
7, 21.1212, 97.523, 2.92447, -0.700575
7.1, 21.4136, 97.4524, 2.92233, -0.710388
7.2, 21.7057, 97.3809, 2.92016, -0.720197
7.3, 21.9976, 97.3084, 2.91796, -0.73
7.4, 22.2893, 97.2349, 2.91573, -0.739798
7.5, 22.5807, 97.1604, 2.91347, -0.749591
7.6, 22.872, 97.085, 2.91118, -0.759378
7.7, 23.163, 97.0086, 2.90886, -0.769159
7.8, 23.4537, 96.9312, 2.90651, -0.778935
7.9, 23.7443, 96.8528, 2.90413, -0.788706
8, 24.0346, 96.7734, 2.90172, -0.79847
8.1, 24.3246, 96.6931, 2.89928, -0.808229
8.2, 24.6144, 96.6118, 2.89681, -0.817982
8.3, 24.904, 96.5295, 2.89431, -0.827729
8.4, 25.1933, 96.4462, 2.89178, -0.837469
8.5, 25.4823, 96.362, 2.88922, -0.847204
8.6, 25.7711, 96.2768, 2.88663, -0.856933
8.7, 26.0597, 96.1906, 2.88401, -0.866655
8.8, 26.3479, 96.1035, 2.88137, -0.876371
8.9, 26.6359, 96.0153, 2.87869, -0.88608
9, 26.9237, 95.9262, 2.87598, -0.895783
9.1, 27.2111, 95.8362, 2.87324, -0.90548
9.2, 27.4983, 95.7452, 2.87048, -0.91517
9.3, 27.7852, 95.6532, 2.86768, -0.924853
9.4, 28.0718, 95.5602, 2.86485, -0.934529
9.5, 28.3582, 95.4662, 2.862, -0.944199
9.6, 28.6442, 95.3713, 2.85911, -0.953861
9.7, 28.93, 95.2755, 2.85619, -0.963517
9.8, 29.2155, 95.1786, 2.85325, -0.973166
9.9, 29.5007, 95.0808, 2.85027, -0.982807
10, 29.7855, 94.9821, 2.84727, -0.992441
10.1, 30.0701, 94.8824, 2.84423, -1.00207
10.2, 30.3544, 94.7817, 2.84117, -1.01169
10.3, 30.6384, 94.68, 2.83807, -1.0213
10.4, 30.922, 94.5774, 2.83495, -1.0309
10.5, 31.2053, 94.4738, 2.83179, -1.0405
10.6, 31.4884, 94.3693, 2.82861, -1.05009
10.7, 31.7711, 94.2638, 2.8254, -1.05967
10.8, 32.0534, 94.1574, 2.82215, -1.06925
10.9, 32.3355, 94.05, 2.81888, -1.07881
11, 32.6172, 93.9416, 2.81558, -1.08837
11.1, 32.8986, 93.8323, 2.81225, -1.09792
11.2, 33.1797, 93.722, 2.80888, -1.10746
11.3, 33.4604, 93.6108, 2.80549, -1.117
11.4, 33.7408, 93.4986, 2.80207, -1.12652
11.5, 34.0208, 93.3855, 2.79862, -1.13604
11.6, 34.3005, 93.2714, 2.79514, -1.14555
11.7, 34.5798, 93.1564, 2.79163, -1.15505
11.8, 34.8588, 93.0404, 2.78809, -1.16454
11.9, 35.1374, 92.9235, 2.78452, -1.17402
12, 35.4157, 92.8056, 2.78092, -1.1835
12.1, 35.6936, 92.6868, 2.77729, -1.19296
12.2, 35.9712, 92.567, 2.77363, -1.20242
12.3, 36.2484, 92.4463, 2.76995, -1.21187
12.4, 36.5252, 92.3246, 2.76623, -1.2213
12.5, 36.8016, 92.202, 2.76248, -1.23073
12.6, 37.0777, 92.0785, 2.7587, -1.24015
12.7, 37.3533, 91.954, 2.7549, -1.24957
12.8, 37.6286, 91.8286, 2.75106, -1.25897
12.9, 37.9036, 91.7022, 2.7472, -1.26836
13, 38.1781, 91.5749, 2.7433, -1.27774
13.1, 38.4522, 91.4467, 2.73938, -1.28712
13.2, 38.726, 91.3175, 2.73542, -1.29648
13.3, 38.9993, 91.1874, 2.73144, -1.30583
13.4, 39.2722, 91.0563, 2.72742, -1.31518
13.5, 39.5448, 90.9243, 2.72338, -1.32451
13.6, 39.8169, 90.7914, 2.71931, -1.33384
13.7, 40.0886, 90.6576, 2.71521, -1.34315
13.8, 40.36, 90.5228, 2.71107, -1.35246
13.9, 40.6309, 90.3871, 2.70691, -1.36175
14, 40.9013, 90.2504, 2.70272, -1.37103
14.1, 41.1714, 90.1129, 2.6985, -1.38031
14.2, 41.441, 89.9744, 2.69425, -1.38957
14.3, 41.7103, 89.8349, 2.68997, -1.39882
14.4, 41.979, 89.6946, 2.68567, -1.40807
14.5, 42.2474, 89.5533, 2.68133, -1.4173
14.6, 42.5153, 89.4111, 2.67696, -1.42652
14.7, 42.7828, 89.268, 2.67256, -1.43573
14.8, 43.0498, 89.124, 2.66814, -1.44493
14.9, 43.3164, 88.979, 2.66368, -1.45411
15, 43.5826, 88.8332, 2.6592, -1.46329
15.1, 43.8482, 88.6864, 2.65468, -1.47246
15.2, 44.1135, 88.5387, 2.65014, -1.48161
15.3, 44.3783, 88.3901, 2.64556, -1.49075
15.4, 44.6426, 88.2405, 2.64096, -1.49989
15.5, 44.9065, 88.0901, 2.63633, -1.50901
15.6, 45.1699, 87.9387, 2.63167, -1.51812
15.7, 45.4328, 87.7865, 2.62697, -1.52721
15.8, 45.6953, 87.6333, 2.62225, -1.5363
15.9, 45.9573, 87.4792, 2.6175, -1.54537
16, 46.2188, 87.3242, 2.61273, -1.55444
16.1, 46.4798, 87.1683, 2.60792, -1.56349
16.2, 46.7403, 87.0115, 2.60308, -1.57252
16.3, 47.0004, 86.8538, 2.59821, -1.58155
16.4, 47.26, 86.6952, 2.59332, -1.59056
16.5, 47.5191, 86.5357, 2.58839, -1.59957
16.6, 47.7777, 86.3753, 2.58344, -1.60856
16.7, 48.0358, 86.214, 2.57845, -1.61753
16.8, 48.2934, 86.0518, 2.57344, -1.6265
16.9, 48.5505, 85.8887, 2.5684, -1.63545
17, 48.807, 85.7247, 2.56332, -1.64439
17.1, 49.0631, 85.5598, 2.55822, -1.65331
17.2, 49.3187, 85.394, 2.55309, -1.66223
17.3, 49.5737, 85.2274, 2.54793, -1.67113
17.4, 49.8283, 85.0598, 2.54274, -1.68002
17.5, 50.0823, 84.8914, 2.53753, -1.68889
17.6, 50.3358, 84.722, 2.53228, -1.69775
17.7, 50.5887, 84.5518, 2.527, -1.7066
17.8, 50.8412, 84.3807, 2.5217, -1.71543
17.9, 51.0931, 84.2087, 2.51636, -1.72426
18, 51.3444, 84.0359, 2.511, -1.73306
18.1, 51.5953, 83.8621, 2.50561, -1.74186
18.2, 51.8456, 83.6875, 2.50019, -1.75064
18.3, 52.0953, 83.512, 2.49474, -1.75941
18.4, 52.3445, 83.3356, 2.48926, -1.76816
18.5, 52.5932, 83.1584, 2.48375, -1.7769
18.6, 52.8413, 82.9802, 2.47821, -1.78562
18.7, 53.0888, 82.8012, 2.47264, -1.79433
18.8, 53.3358, 82.6214, 2.46705, -1.80303
18.9, 53.5822, 82.4406, 2.46142, -1.81171
19, 53.8281, 82.259, 2.45577, -1.82038
19.1, 54.0734, 82.0765, 2.45008, -1.82904
19.2, 54.3181, 81.8932, 2.44437, -1.83768
19.3, 54.5622, 81.709, 2.43863, -1.8463
19.4, 54.8058, 81.524, 2.43286, -1.85491
19.5, 55.0488, 81.338, 2.42706, -1.86351
19.6, 55.2912, 81.1512, 2.42123, -1.87209
19.7, 55.5331, 80.9636, 2.41538, -1.88065
19.8, 55.7743, 80.7751, 2.40949, -1.8892
19.9, 56.015, 80.5858, 2.40358, -1.89774
20, 56.255, 80.3956, 2.39764, -1.90626
20.1, 56.4945, 80.2045, 2.39166, -1.91476
20.2, 56.7334, 80.0126, 2.38566, -1.92325
20.3, 56.9716, 79.8199, 2.37963, -1.93173
20.4, 57.2093, 79.6263, 2.37358, -1.94019
20.5, 57.4463, 79.4318, 2.36749, -1.94863
20.6, 57.6828, 79.2365, 2.36137, -1.95706
20.7, 57.9186, 79.0404, 2.35523, -1.96547
20.8, 58.1538, 78.8435, 2.34905, -1.97386
20.9, 58.3884, 78.6456, 2.34285, -1.98224
21, 58.6224, 78.447, 2.33662, -1.99061
21.1, 58.8557, 78.2475, 2.33036, -1.99895
21.2, 59.0885, 78.0472, 2.32407, -2.00728
21.3, 59.3206, 77.8461, 2.31776, -2.0156
21.4, 59.552, 77.6441, 2.31141, -2.0239
21.5, 59.7828, 77.4413, 2.30504, -2.03218
21.6, 60.013, 77.2377, 2.29864, -2.04044
21.7, 60.2426, 77.0332, 2.29221, -2.04869
21.8, 60.4715, 76.8279, 2.28575, -2.05692
21.9, 60.6997, 76.6218, 2.27926, -2.06514
22, 60.9273, 76.4149, 2.27274, -2.07333
22.1, 61.1543, 76.2072, 2.2662, -2.08151
22.2, 61.3806, 75.9986, 2.25962, -2.08968
22.3, 61.6062, 75.7892, 2.25302, -2.09782
22.4, 61.8312, 75.579, 2.24639, -2.10595
22.5, 62.0555, 75.368, 2.23973, -2.11406
22.6, 62.2791, 75.1562, 2.23304, -2.12216
22.7, 62.5021, 74.9436, 2.22633, -2.13023
22.8, 62.7244, 74.7302, 2.21958, -2.13829
22.9, 62.946, 74.5159, 2.21281, -2.14633
23, 63.1669, 74.3009, 2.20601, -2.15436
23.1, 63.3872, 74.0851, 2.19918, -2.16236
23.2, 63.6068, 73.8684, 2.19233, -2.17035
23.3, 63.8257, 73.651, 2.18544, -2.17832
23.4, 64.0439, 73.4328, 2.17853, -2.18627
23.5, 64.2614, 73.2137, 2.17159, -2.1942
23.6, 64.4782, 72.9939, 2.16462, -2.20211
23.7, 64.6943, 72.7733, 2.15762, -2.21001
23.8, 64.9097, 72.5519, 2.15059, -2.21788
23.9, 65.1244, 72.3297, 2.14354, -2.22574
24, 65.3384, 72.1068, 2.13645, -2.23358
24.1, 65.5517, 71.883, 2.12934, -2.2414
24.2, 65.7643, 71.6585, 2.12221, -2.2492
24.3, 65.9761, 71.4332, 2.11504, -2.25698
24.4, 66.1873, 71.2071, 2.10784, -2.26475
24.5, 66.3977, 70.9802, 2.10062, -2.27249
24.6, 66.6074, 70.7526, 2.09337, -2.28021
24.7, 66.8164, 70.5242, 2.08609, -2.28792
24.8, 67.0246, 70.295, 2.07879, -2.2956
24.9, 67.2321, 70.0651, 2.07145, -2.30327
25, 67.4389, 69.8344, 2.06409, -2.31091
25.1, 67.645, 69.6029, 2.0567, -2.31854
25.2, 67.8503, 69.3707, 2.04928, -2.32614
25.3, 68.0548, 69.1377, 2.04184, -2.33373
25.4, 68.2586, 68.9039, 2.03437, -2.34129
25.5, 68.4617, 68.6694, 2.02686, -2.34884
25.6, 68.664, 68.4341, 2.01934, -2.35636
25.7, 68.8656, 68.1981, 2.01178, -2.36387
25.8, 69.0664, 67.9614, 2.0042, -2.37135
25.9, 69.2664, 67.7239, 1.99659, -2.37881
26, 69.4657, 67.4856, 1.98895, -2.38626
26.1, 69.6642, 67.2466, 1.98128, -2.39368
26.2, 69.8619, 67.0069, 1.97359, -2.40108
26.3, 70.0589, 66.7664, 1.96586, -2.40846
26.4, 70.2551, 66.5252, 1.95812, -2.41582
26.5, 70.4505, 66.2832, 1.95034, -2.42315
26.6, 70.6452, 66.0405, 1.94254, -2.43047
26.7, 70.839, 65.7971, 1.9347, -2.43776
26.8, 71.0321, 65.553, 1.92685, -2.44504
26.9, 71.2244, 65.3081, 1.91896, -2.45229
27, 71.4159, 65.0625, 1.91105, -2.45952
27.1, 71.6066, 64.8162, 1.90311, -2.46673
27.2, 71.7965, 64.5692, 1.89514, -2.47391
27.3, 71.9856, 64.3214, 1.88714, -2.48108
27.4, 72.174, 64.073, 1.87912, -2.48822
27.5, 72.3615, 63.8238, 1.87107, -2.49534
27.6, 72.5482, 63.5739, 1.863, -2.50243
27.7, 72.7341, 63.3233, 1.85489, -2.50951
27.8, 72.9192, 63.072, 1.84676, -2.51656
27.9, 73.1034, 62.82, 1.83861, -2.52359
28, 73.2869, 62.5673, 1.83042, -2.5306
28.1, 73.4695, 62.3139, 1.82221, -2.53758
28.2, 73.6513, 62.0598, 1.81397, -2.54454
28.3, 73.8323, 61.805, 1.80571, -2.55148
28.4, 74.0125, 61.5495, 1.79742, -2.55839
28.5, 74.1918, 61.2933, 1.7891, -2.56529
28.6, 74.3703, 61.0364, 1.78075, -2.57215
28.7, 74.5479, 60.7789, 1.77238, -2.579
28.8, 74.7248, 60.5206, 1.76398, -2.58582
28.9, 74.9007, 60.2617, 1.75556, -2.59262
29, 75.0759, 60.0021, 1.74711, -2.59939
29.1, 75.2502, 59.7418, 1.73863, -2.60614
29.2, 75.4236, 59.4809, 1.73012, -2.61287
29.3, 75.5962, 59.2192, 1.72159, -2.61957
29.4, 75.7679, 58.957, 1.71303, -2.62625
29.5, 75.9388, 58.694, 1.70445, -2.6329
29.6, 76.1088, 58.4304, 1.69584, -2.63953
29.7, 76.278, 58.1661, 1.6872, -2.64614
29.8, 76.4462, 57.9011, 1.67854, -2.65272
29.9, 76.6137, 57.6355, 1.66985, -2.65927
30, 76.7802, 57.3693, 1.66114, -2.6658
30.1, 76.9459, 57.1024, 1.65239, -2.67231
30.2, 77.1107, 56.8348, 1.64363, -2.67879
30.3, 77.2746, 56.5666, 1.63483, -2.68524
30.4, 77.4377, 56.2978, 1.62601, -2.69167
30.5, 77.5998, 56.0283, 1.61717, -2.69808
30.6, 77.7611, 55.7582, 1.60829, -2.70446
30.7, 77.9215, 55.4874, 1.5994, -2.71081
30.8, 78.081, 55.216, 1.59047, -2.71714
30.9, 78.2396, 54.944, 1.58152, -2.72344
31, 78.3973, 54.6713, 1.57255, -2.72972
31.1, 78.5541, 54.398, 1.56355, -2.73597
31.2, 78.71, 54.1241, 1.55452, -2.7422
31.3, 78.865, 53.8496, 1.54547, -2.7484
31.4, 79.0191, 53.5744, 1.53639, -2.75457
31.5, 79.1723, 53.2987, 1.52729, -2.76071
31.6, 79.3245, 53.0223, 1.51816, -2.76683
31.7, 79.4759, 52.7453, 1.509, -2.77293
31.8, 79.6263, 52.4677, 1.49982, -2.77899
31.9, 79.7759, 52.1895, 1.49062, -2.78503
32, 79.9245, 51.9107, 1.48139, -2.79105
32.1, 80.0721, 51.6313, 1.47213, -2.79703
32.2, 80.2189, 51.3513, 1.46285, -2.80299
32.3, 80.3647, 51.0707, 1.45354, -2.80892
32.4, 80.5096, 50.7895, 1.44421, -2.81482
32.5, 80.6535, 50.5077, 1.43486, -2.8207
32.6, 80.7966, 50.2254, 1.42548, -2.82655
32.7, 80.9386, 49.9424, 1.41607, -2.83237
32.8, 81.0798, 49.6589, 1.40664, -2.83816
32.9, 81.22, 49.3748, 1.39718, -2.84393
33, 81.3592, 49.0901, 1.3877, -2.84967
33.1, 81.4975, 48.8049, 1.3782, -2.85538
33.2, 81.6349, 48.519, 1.36867, -2.86106
33.3, 81.7712, 48.2327, 1.35911, -2.86671
33.4, 81.9067, 47.9457, 1.34953, -2.87233
33.5, 82.0411, 47.6582, 1.33993, -2.87793
33.6, 82.1747, 47.3701, 1.3303, -2.8835
33.7, 82.3072, 47.0815, 1.32065, -2.88903
33.8, 82.4388, 46.7923, 1.31097, -2.89454
33.9, 82.5694, 46.5026, 1.30127, -2.90002
34, 82.699, 46.2123, 1.29154, -2.90547
34.1, 82.8277, 45.9215, 1.28179, -2.9109
34.2, 82.9554, 45.6301, 1.27202, -2.91629
34.3, 83.0821, 45.3382, 1.26222, -2.92165
34.4, 83.2078, 45.0458, 1.2524, -2.92698
34.5, 83.3326, 44.7528, 1.24255, -2.93229
34.6, 83.4564, 44.4593, 1.23268, -2.93756
34.7, 83.5791, 44.1653, 1.22279, -2.94281
34.8, 83.7009, 43.8708, 1.21287, -2.94802
34.9, 83.8217, 43.5757, 1.20293, -2.9532
35, 83.9415, 43.2801, 1.19296, -2.95836
35.1, 84.0603, 42.984, 1.18298, -2.96348
35.2, 84.1781, 42.6874, 1.17296, -2.96857
35.3, 84.2949, 42.3903, 1.16293, -2.97364
35.4, 84.4107, 42.0927, 1.15287, -2.97867
35.5, 84.5255, 41.7946, 1.14279, -2.98367
35.6, 84.6392, 41.496, 1.13268, -2.98864
35.7, 84.752, 41.1969, 1.12255, -2.99358
35.8, 84.8637, 40.8973, 1.1124, -2.99849
35.9, 84.9745, 40.5972, 1.10223, -3.00336
36, 85.0842, 40.2966, 1.09203, -3.00821
36.1, 85.1929, 39.9955, 1.08181, -3.01302
36.2, 85.3006, 39.694, 1.07156, -3.0178
36.3, 85.4072, 39.392, 1.0613, -3.02255
36.4, 85.5128, 39.0895, 1.05101, -3.02727
36.5, 85.6174, 38.7865, 1.0407, -3.03196
36.6, 85.721, 38.4831, 1.03036, -3.03661
36.7, 85.8235, 38.1792, 1.02001, -3.04123
36.8, 85.925, 37.8748, 1.00963, -3.04582
36.9, 86.0254, 37.57, 0.999226, -3.05038
37, 86.1248, 37.2648, 0.988803, -3.05491
37.1, 86.2232, 36.959, 0.978356, -3.0594
37.2, 86.3205, 36.6529, 0.967888, -3.06386
37.3, 86.4167, 36.3463, 0.957398, -3.06829
37.4, 86.512, 36.0392, 0.946886, -3.07268
37.5, 86.6061, 35.7317, 0.936352, -3.07704
37.6, 86.6992, 35.4238, 0.925796, -3.08137
37.7, 86.7913, 35.1155, 0.915218, -3.08566
37.8, 86.8823, 34.8067, 0.904619, -3.08992
37.9, 86.9722, 34.4975, 0.893998, -3.09415
38, 87.0611, 34.1879, 0.883355, -3.09834
38.1, 87.1489, 33.8778, 0.872692, -3.1025
38.2, 87.2356, 33.5674, 0.862006, -3.10663
38.3, 87.3213, 33.2565, 0.8513, -3.11072
38.4, 87.4059, 32.9452, 0.840572, -3.11478
38.5, 87.4894, 32.6335, 0.829823, -3.1188
38.6, 87.5718, 32.3214, 0.819053, -3.12279
38.7, 87.6532, 32.009, 0.808262, -3.12675
38.8, 87.7335, 31.6961, 0.797451, -3.13067
38.9, 87.8127, 31.3828, 0.786618, -3.13455
39, 87.8908, 31.0692, 0.775765, -3.1384
39.1, 87.9678, 30.7552, 0.764891, -3.14222
39.2, 88.0438, 30.4407, 0.753997, -3.146
39.3, 88.1186, 30.126, 0.743082, -3.14974
39.4, 88.1924, 29.8108, 0.732147, -3.15345
39.5, 88.2651, 29.4953, 0.721192, -3.15713
39.6, 88.3366, 29.1794, 0.710216, -3.16077
39.7, 88.4071, 28.8631, 0.69922, -3.16437
39.8, 88.4765, 28.5465, 0.688205, -3.16794
39.9, 88.5448, 28.2295, 0.677169, -3.17147
40, 88.6119, 27.9122, 0.666114, -3.17496
40.1, 88.678, 27.5945, 0.655039, -3.17842
40.2, 88.7429, 27.2765, 0.643944, -3.18185
40.3, 88.8068, 26.9582, 0.63283, -3.18523
40.4, 88.8695, 26.6395, 0.621696, -3.18858
40.5, 88.9311, 26.3204, 0.610543, -3.1919
40.6, 88.9916, 26.0011, 0.599371, -3.19518
40.7, 89.051, 25.6814, 0.58818, -3.19842
40.8, 89.1092, 25.3614, 0.576969, -3.20162
40.9, 89.1664, 25.0411, 0.56574, -3.20479
41, 89.2224, 24.7205, 0.554491, -3.20792
41.1, 89.2773, 24.3995, 0.543224, -3.21101
41.2, 89.331, 24.0782, 0.531939, -3.21406
41.3, 89.3837, 23.7567, 0.520634, -3.21708
41.4, 89.4352, 23.4348, 0.509312, -3.22006
41.5, 89.4855, 23.1127, 0.49797, -3.223
41.6, 89.5347, 22.7902, 0.486611, -3.22591
41.7, 89.5828, 22.4675, 0.475234, -3.22877
41.8, 89.6298, 22.1445, 0.463838, -3.2316
41.9, 89.6756, 21.8212, 0.452424, -3.23439
42, 89.7203, 21.4976, 0.440993, -3.23714
42.1, 89.7638, 21.1737, 0.429544, -3.23985
42.2, 89.8062, 20.8496, 0.418077, -3.24253
42.3, 89.8474, 20.5252, 0.406593, -3.24516
42.4, 89.8875, 20.2006, 0.395091, -3.24776
42.5, 89.9264, 19.8757, 0.383572, -3.25032
42.6, 89.9642, 19.5505, 0.372036, -3.25284
42.7, 90.0008, 19.2251, 0.360483, -3.25532
42.8, 90.0363, 18.8995, 0.348913, -3.25776
42.9, 90.0706, 18.5736, 0.337325, -3.26016
43, 90.1038, 18.2474, 0.325722, -3.26252
43.1, 90.1358, 17.9211, 0.314101, -3.26485
43.2, 90.1666, 17.5945, 0.302464, -3.26713
43.3, 90.1963, 17.2676, 0.290811, -3.26937
43.4, 90.2248, 16.9406, 0.279141, -3.27157
43.5, 90.2521, 16.6133, 0.267455, -3.27374
43.6, 90.2783, 16.2858, 0.255753, -3.27586
43.7, 90.3032, 15.9582, 0.244035, -3.27794
43.8, 90.3271, 15.6303, 0.232301, -3.27998
43.9, 90.3497, 15.3022, 0.220552, -3.28198
44, 90.3712, 14.9739, 0.208787, -3.28395
44.1, 90.3915, 14.6454, 0.197006, -3.28587
44.2, 90.4106, 14.3167, 0.18521, -3.28774
44.3, 90.4285, 13.9878, 0.173399, -3.28958
44.4, 90.4453, 13.6588, 0.161573, -3.29138
44.5, 90.4608, 13.3295, 0.149732, -3.29314
44.6, 90.4752, 13.0001, 0.137876, -3.29485
44.7, 90.4884, 12.6706, 0.126005, -3.29652
44.8, 90.5004, 12.3408, 0.11412, -3.29816
44.9, 90.5112, 12.0109, 0.10222, -3.29975
45, 90.5208, 11.6809, 0.0903056, -3.30129
45.1, 90.5293, 11.3507, 0.0783772, -3.3028
45.2, 90.5365, 11.0203, 0.0664347, -3.30427
45.3, 90.5426, 10.6898, 0.0544783, -3.30569
45.4, 90.5474, 10.3592, 0.042508, -3.30707
45.5, 90.5511, 10.0284, 0.030524, -3.30841
45.6, 90.5535, 9.69751, 0.0185265, -3.3097
45.7, 90.5548, 9.36648, 0.00651548, -3.31095
45.8, 90.5548, 9.03532, -0.0055088, -3.31217
45.9, 90.5537, 8.70404, -0.0175462, -3.31333
46, 90.5513, 8.37265, -0.0295967, -3.31446
46.1, 90.5478, 8.04115, -0.0416601, -3.31554
46.2, 90.543, 7.70955, -0.0537362, -3.31658
46.3, 90.537, 7.37784, -0.0658249, -3.31757
46.4, 90.5298, 7.04603, -0.0779261, -3.31853
46.5, 90.5214, 6.71413, -0.0900396, -3.31943
46.6, 90.5118, 6.38214, -0.102165, -3.3203
46.7, 90.501, 6.05007, -0.114303, -3.32112
46.8, 90.489, 5.71792, -0.126453, -3.3219
46.9, 90.4757, 5.38569, -0.138614, -3.32263
47, 90.4612, 5.05339, -0.150787, -3.32332
47.1, 90.4455, 4.72103, -0.162972, -3.32397
47.2, 90.4286, 4.3886, -0.175168, -3.32457
47.3, 90.4105, 4.05611, -0.187375, -3.32513
47.4, 90.3912, 3.72357, -0.199593, -3.32564
47.5, 90.3706, 3.39099, -0.211822, -3.32611
47.6, 90.3488, 3.05835, -0.224062, -3.32653
47.7, 90.3258, 2.72568, -0.236312, -3.32691
47.8, 90.3015, 2.39297, -0.248573, -3.32725
47.9, 90.2761, 2.06023, -0.260844, -3.32754
48, 90.2494, 1.72746, -0.273125, -3.32778
48.1, 90.2214, 1.39467, -0.285417, -3.32798
48.2, 90.1923, 1.06187, -0.297718, -3.32813
48.3, 90.1619, 0.729048, -0.310028, -3.32824
48.4, 90.1303, 0.396219, -0.322349, -3.32831
48.5, 90.0974, 0.0633865, -0.334678, -3.32832
48.6, 90.0633, -0.269446, -0.347017, -3.3283
48.7, 90.028, -0.602273, -0.359365, -3.32822
48.8, 89.9915, -0.93509, -0.371722, -3.3281
48.9, 89.9537, -1.26789, -0.384087, -3.32794
49, 89.9146, -1.60068, -0.396461, -3.32773
49.1, 89.8744, -1.93344, -0.408843, -3.32747
49.2, 89.8329, -2.26617, -0.421234, -3.32716
49.3, 89.7901, -2.59887, -0.433633, -3.32681
49.4, 89.7462, -2.93153, -0.44604, -3.32642
49.5, 89.7009, -3.26415, -0.458454, -3.32597
49.6, 89.6545, -3.59673, -0.470876, -3.32548
49.7, 89.6068, -3.92925, -0.483305, -3.32495
49.8, 89.5578, -4.26172, -0.495742, -3.32436
49.9, 89.5076, -4.59412, -0.508186, -3.32373
50, 89.4562, -4.92646, -0.520636, -3.32306
50.1, 89.4035, -5.25874, -0.533094, -3.32233
50.2, 89.3495, -5.59093, -0.545558, -3.32156
50.3, 89.2944, -5.92305, -0.558028, -3.32074
50.4, 89.2379, -6.25508, -0.570504, -3.31987
50.5, 89.1803, -6.58702, -0.582987, -3.31896
50.6, 89.1213, -6.91887, -0.595475, -3.318
50.7, 89.0612, -7.25062, -0.60797, -3.31699
50.8, 88.9997, -7.58227, -0.620469, -3.31593
50.9, 88.9371, -7.91381, -0.632974, -3.31483
51, 88.8732, -8.24523, -0.645484, -3.31367
51.1, 88.808, -8.57654, -0.657999, -3.31247
51.2, 88.7416, -8.90773, -0.670519, -3.31122
51.3, 88.6739, -9.23879, -0.683044, -3.30993
51.4, 88.6049, -9.56972, -0.695573, -3.30858
51.5, 88.5348, -9.9005, -0.708106, -3.30719
51.6, 88.4633, -10.2312, -0.720643, -3.30574
51.7, 88.3906, -10.5617, -0.733185, -3.30425
51.8, 88.3167, -10.892, -0.745729, -3.30271
51.9, 88.2415, -11.2222, -0.758278, -3.30112
52, 88.165, -11.5522, -0.77083, -3.29949
52.1, 88.0873, -11.8821, -0.783384, -3.2978
52.2, 88.0084, -12.2118, -0.795942, -3.29606
52.3, 87.9281, -12.5413, -0.808503, -3.29428
52.4, 87.8467, -12.8706, -0.821066, -3.29245
52.5, 87.7639, -13.1998, -0.833631, -3.29056
52.6, 87.6799, -13.5288, -0.846199, -3.28863
52.7, 87.5947, -13.8575, -0.858769, -3.28665
52.8, 87.5082, -14.1861, -0.87134, -3.28462
52.9, 87.4204, -14.5144, -0.883913, -3.28254
53, 87.3314, -14.8426, -0.896487, -3.28041
53.1, 87.2411, -15.1705, -0.909063, -3.27823
53.2, 87.1496, -15.4982, -0.92164, -3.276
53.3, 87.0568, -15.8257, -0.934217, -3.27371
53.4, 86.9627, -16.153, -0.946795, -3.27138
53.5, 86.8674, -16.48, -0.959374, -3.269
53.6, 86.7709, -16.8068, -0.971952, -3.26657
53.7, 86.673, -17.1333, -0.984531, -3.26409
53.8, 86.574, -17.4596, -0.997109, -3.26156
53.9, 86.4736, -17.7856, -1.00969, -3.25898
54, 86.372, -18.1114, -1.02226, -3.25635
54.1, 86.2692, -18.4369, -1.03484, -3.25367
54.2, 86.165, -18.7621, -1.04742, -3.25094
54.3, 86.0597, -19.0871, -1.05999, -3.24815
54.4, 85.9531, -19.4118, -1.07256, -3.24532
54.5, 85.8452, -19.7362, -1.08513, -3.24243
54.6, 85.736, -20.0602, -1.0977, -3.2395
54.7, 85.6256, -20.3841, -1.11027, -3.23651
54.8, 85.514, -20.7076, -1.12284, -3.23347
54.9, 85.4011, -21.0307, -1.1354, -3.23039
55, 85.2869, -21.3536, -1.14796, -3.22725
55.1, 85.1715, -21.6762, -1.16052, -3.22406
55.2, 85.0548, -21.9984, -1.17307, -3.22081
55.3, 84.9369, -22.3204, -1.18562, -3.21752
55.4, 84.8177, -22.6419, -1.19817, -3.21418
55.5, 84.6972, -22.9632, -1.21071, -3.21078
55.6, 84.5755, -23.2841, -1.22325, -3.20733
55.7, 84.4526, -23.6047, -1.23578, -3.20383
55.8, 84.3284, -23.9249, -1.24831, -3.20028
55.9, 84.2029, -24.2447, -1.26084, -3.19668
56, 84.0762, -24.5642, -1.27336, -3.19303
56.1, 83.9482, -24.8833, -1.28587, -3.18932
56.2, 83.819, -25.2021, -1.29838, -3.18556
56.3, 83.6886, -25.5204, -1.31089, -3.18176
56.4, 83.5568, -25.8384, -1.32339, -3.17789
56.5, 83.4239, -26.156, -1.33588, -3.17398
56.6, 83.2897, -26.4732, -1.34837, -3.17002
56.7, 83.1542, -26.79, -1.36085, -3.166
56.8, 83.0175, -27.1064, -1.37332, -3.16193
56.9, 82.8795, -27.4224, -1.38579, -3.15781
57, 82.7403, -27.738, -1.39825, -3.15364
57.1, 82.5999, -28.0531, -1.4107, -3.14941
57.2, 82.4582, -28.3679, -1.42314, -3.14513
57.3, 82.3153, -28.6822, -1.43558, -3.1408
57.4, 82.1711, -28.996, -1.44801, -3.13642
57.5, 82.0257, -29.3094, -1.46043, -3.13199
57.6, 81.879, -29.6224, -1.47284, -3.1275
57.7, 81.7311, -29.9349, -1.48524, -3.12296
57.8, 81.582, -30.247, -1.49763, -3.11837
57.9, 81.4316, -30.5586, -1.51002, -3.11372
58, 81.2799, -30.8698, -1.52239, -3.10903
58.1, 81.1271, -31.1804, -1.53476, -3.10428
58.2, 80.973, -31.4906, -1.54711, -3.09947
58.3, 80.8177, -31.8003, -1.55946, -3.09462
58.4, 80.6611, -32.1095, -1.57179, -3.08971
58.5, 80.5033, -32.4183, -1.58411, -3.08475
58.6, 80.3443, -32.7265, -1.59643, -3.07974
58.7, 80.184, -33.0342, -1.60873, -3.07467
58.8, 80.0225, -33.3414, -1.62102, -3.06955
58.9, 79.8598, -33.6481, -1.6333, -3.06438
59, 79.6959, -33.9543, -1.64556, -3.05916
59.1, 79.5307, -34.2599, -1.65782, -3.05388
59.2, 79.3643, -34.5651, -1.67006, -3.04855
59.3, 79.1967, -34.8697, -1.68229, -3.04317
59.4, 79.0279, -35.1737, -1.6945, -3.03773
59.5, 78.8578, -35.4772, -1.7067, -3.03225
59.6, 78.6865, -35.7802, -1.71889, -3.02671
59.7, 78.514, -36.0825, -1.73107, -3.02111
59.8, 78.3403, -36.3844, -1.74323, -3.01546
59.9, 78.1654, -36.6856, -1.75538, -3.00976
60, 77.9892, -36.9863, -1.76751, -3.00401
60.1, 77.8119, -37.2864, -1.77963, -2.9982
60.2, 77.6333, -37.586, -1.79173, -2.99235
60.3, 77.4535, -37.8849, -1.80382, -2.98643
60.4, 77.2725, -38.1833, -1.81589, -2.98047
60.5, 77.0903, -38.481, -1.82795, -2.97445
60.6, 76.9069, -38.7781, -1.83999, -2.96838
60.7, 76.7223, -39.0747, -1.85202, -2.96226
60.8, 76.5365, -39.3706, -1.86403, -2.95608
60.9, 76.3495, -39.6659, -1.87602, -2.94985
61, 76.1613, -39.9606, -1.88799, -2.94357
61.1, 75.9719, -40.2546, -1.89995, -2.93723
61.2, 75.7814, -40.548, -1.91189, -2.93084
61.3, 75.5896, -40.8408, -1.92381, -2.9244
61.4, 75.3966, -41.1329, -1.93572, -2.91791
61.5, 75.2024, -41.4244, -1.9476, -2.91136
61.6, 75.0071, -41.7152, -1.95947, -2.90476
61.7, 74.8105, -42.0053, -1.97132, -2.8981
61.8, 74.6128, -42.2948, -1.98315, -2.8914
61.9, 74.4139, -42.5836, -1.99496, -2.88464
62, 74.2138, -42.8717, -2.00675, -2.87783
62.1, 74.0125, -43.1592, -2.01852, -2.87096
62.2, 73.8101, -43.4459, -2.03027, -2.86404
62.3, 73.6065, -43.732, -2.042, -2.85707
62.4, 73.4017, -44.0173, -2.05371, -2.85005
62.5, 73.1958, -44.302, -2.0654, -2.84298
62.6, 72.9886, -44.5859, -2.07706, -2.83585
62.7, 72.7803, -44.8691, -2.08871, -2.82867
62.8, 72.5709, -45.1516, -2.10033, -2.82143
62.9, 72.3603, -45.4334, -2.11194, -2.81414
63, 72.1485, -45.7145, -2.12352, -2.80681
63.1, 71.9356, -45.9948, -2.13507, -2.79941
63.2, 71.7215, -46.2744, -2.14661, -2.79197
63.3, 71.5062, -46.5532, -2.15812, -2.78447
63.4, 71.2899, -46.8313, -2.16961, -2.77692
63.5, 71.0723, -47.1086, -2.18107, -2.76932
63.6, 70.8536, -47.3851, -2.19251, -2.76167
63.7, 70.6338, -47.6609, -2.20393, -2.75396
63.8, 70.4129, -47.9359, -2.21532, -2.7462
63.9, 70.1908, -48.2101, -2.22669, -2.73839
64, 69.9675, -48.4836, -2.23803, -2.73053
64.1, 69.7432, -48.7563, -2.24935, -2.72262
64.2, 69.5177, -49.0281, -2.26064, -2.71465
64.3, 69.291, -49.2992, -2.2719, -2.70663
64.4, 69.0633, -49.5694, -2.28314, -2.69856
64.5, 68.8344, -49.8389, -2.29436, -2.69044
64.6, 68.6044, -50.1075, -2.30554, -2.68226
64.7, 68.3733, -50.3753, -2.3167, -2.67404
64.8, 68.1411, -50.6423, -2.32784, -2.66576
64.9, 67.9077, -50.9085, -2.33894, -2.65743
65, 67.6733, -51.1738, -2.35002, -2.64905
65.1, 67.4377, -51.4383, -2.36107, -2.64062
65.2, 67.2011, -51.7019, -2.37209, -2.63213
65.3, 66.9633, -51.9647, -2.38308, -2.6236
65.4, 66.7244, -52.2267, -2.39405, -2.61501
65.5, 66.4845, -52.4877, -2.40498, -2.60637
65.6, 66.2434, -52.7479, -2.41589, -2.59768
65.7, 66.0013, -53.0073, -2.42676, -2.58894
65.8, 65.7581, -53.2657, -2.43761, -2.58015
65.9, 65.5138, -53.5233, -2.44843, -2.57131
66, 65.2684, -53.78, -2.45921, -2.56242
66.1, 65.0219, -54.0358, -2.46997, -2.55348
66.2, 64.7744, -54.2907, -2.48069, -2.54448
66.3, 64.5258, -54.5447, -2.49138, -2.53544
66.4, 64.2761, -54.7978, -2.50204, -2.52634
66.5, 64.0254, -55.05, -2.51267, -2.5172
66.6, 63.7736, -55.3012, -2.52327, -2.508
66.7, 63.5207, -55.5516, -2.53383, -2.49876
66.8, 63.2668, -55.801, -2.54437, -2.48946
66.9, 63.0119, -56.0494, -2.55487, -2.48011
67, 62.7559, -56.297, -2.56533, -2.47072
67.1, 62.4988, -56.5436, -2.57576, -2.46127
67.2, 62.2407, -56.7892, -2.58616, -2.45178
67.3, 61.9816, -57.0339, -2.59653, -2.44223
67.4, 61.7214, -57.2777, -2.60686, -2.43264
67.5, 61.4602, -57.5205, -2.61715, -2.423
67.6, 61.198, -57.7623, -2.62741, -2.4133
67.7, 60.9347, -58.0031, -2.63764, -2.40356
67.8, 60.6704, -58.243, -2.64783, -2.39377
67.9, 60.4052, -58.4819, -2.65798, -2.38393
68, 60.1389, -58.7198, -2.6681, -2.37404
68.1, 59.8715, -58.9567, -2.67819, -2.36411
68.2, 59.6032, -59.1926, -2.68823, -2.35412
68.3, 59.3339, -59.4275, -2.69824, -2.34409
68.4, 59.0636, -59.6614, -2.70821, -2.334
68.5, 58.7922, -59.8943, -2.71815, -2.32387
68.6, 58.5199, -60.1262, -2.72804, -2.31369
68.7, 58.2466, -60.3571, -2.7379, -2.30347
68.8, 57.9724, -60.5869, -2.74773, -2.29319
68.9, 57.6971, -60.8157, -2.75751, -2.28287
69, 57.4209, -61.0435, -2.76725, -2.2725
69.1, 57.1436, -61.2702, -2.77696, -2.26209
69.2, 56.8655, -61.4959, -2.78662, -2.25162
69.3, 56.5863, -61.7205, -2.79625, -2.24111
69.4, 56.3062, -61.9441, -2.80584, -2.23056
69.5, 56.0251, -62.1666, -2.81538, -2.21995
69.6, 55.7431, -62.3881, -2.82489, -2.2093
69.7, 55.4602, -62.6085, -2.83436, -2.19861
69.8, 55.1763, -62.8278, -2.84378, -2.18786
69.9, 54.8914, -63.0461, -2.85316, -2.17707
70, 54.6056, -63.2632, -2.86251, -2.16624
70.1, 54.3189, -63.4793, -2.87181, -2.15536
70.2, 54.0313, -63.6943, -2.88107, -2.14443
70.3, 53.7427, -63.9082, -2.89028, -2.13346
70.4, 53.4532, -64.121, -2.89946, -2.12244
70.5, 53.1628, -64.3327, -2.90859, -2.11138
70.6, 52.8715, -64.5433, -2.91768, -2.10027
70.7, 52.5793, -64.7527, -2.92672, -2.08911
70.8, 52.2862, -64.9611, -2.93572, -2.07792
70.9, 51.9921, -65.1683, -2.94468, -2.06668
71, 51.6972, -65.3744, -2.9536, -2.05539
71.1, 51.4014, -65.5794, -2.96247, -2.04406
71.2, 51.1047, -65.7832, -2.97129, -2.03268
71.3, 50.8072, -65.9859, -2.98007, -2.02127
71.4, 50.5087, -66.1875, -2.98881, -2.0098
71.5, 50.2094, -66.3879, -2.9975, -1.9983
71.6, 49.9092, -66.5872, -3.00614, -1.98675
71.7, 49.6082, -66.7852, -3.01474, -1.97516
71.8, 49.3063, -66.9822, -3.02329, -1.96353
71.9, 49.0035, -67.178, -3.0318, -1.95185
72, 48.6999, -67.3726, -3.04026, -1.94013
72.1, 48.3955, -67.566, -3.04867, -1.92837
72.2, 48.0902, -67.7582, -3.05704, -1.91657
72.3, 47.784, -67.9493, -3.06536, -1.90472
72.4, 47.4771, -68.1392, -3.07363, -1.89283
72.5, 47.1693, -68.3279, -3.08185, -1.8809
72.6, 46.8607, -68.5154, -3.09002, -1.86893
72.7, 46.5513, -68.7016, -3.09815, -1.85692
72.8, 46.2411, -68.8867, -3.10623, -1.84487
72.9, 45.9301, -69.0706, -3.11426, -1.83278
73, 45.6182, -69.2533, -3.12224, -1.82065
73.1, 45.3056, -69.4348, -3.13017, -1.80847
73.2, 44.9922, -69.615, -3.13805, -1.79626
73.3, 44.678, -69.794, -3.14588, -1.78401
73.4, 44.363, -69.9718, -3.15366, -1.77172
73.5, 44.0473, -70.1483, -3.16139, -1.75939
73.6, 43.7308, -70.3237, -3.16907, -1.74702
73.7, 43.4135, -70.4977, -3.1767, -1.73461
73.8, 43.0954, -70.6706, -3.18428, -1.72216
73.9, 42.7766, -70.8422, -3.19181, -1.70967
74, 42.4571, -71.0125, -3.19928, -1.69715
74.1, 42.1367, -71.1816, -3.20671, -1.68459
74.2, 41.8157, -71.3494, -3.21408, -1.67199
74.3, 41.4939, -71.516, -3.2214, -1.65935
74.4, 41.1714, -71.6813, -3.22867, -1.64667
74.5, 40.8482, -71.8453, -3.23588, -1.63396
74.6, 40.5243, -72.0081, -3.24304, -1.62121
74.7, 40.1996, -72.1696, -3.25015, -1.60843
74.8, 39.8742, -72.3298, -3.25721, -1.59561
74.9, 39.5482, -72.4887, -3.26421, -1.58275
75, 39.2214, -72.6463, -3.27116, -1.56986
75.1, 38.8939, -72.8027, -3.27805, -1.55693
75.2, 38.5658, -72.9577, -3.28489, -1.54396
75.3, 38.2369, -73.1115, -3.29168, -1.53096
75.4, 37.9074, -73.2639, -3.29841, -1.51793
75.5, 37.5773, -73.4151, -3.30508, -1.50486
75.6, 37.2464, -73.5649, -3.3117, -1.49176
75.7, 36.9149, -73.7134, -3.31827, -1.47862
75.8, 36.5828, -73.8606, -3.32478, -1.46545
75.9, 36.25, -74.0065, -3.33123, -1.45225
76, 35.9165, -74.1511, -3.33763, -1.43901
76.1, 35.5824, -74.2943, -3.34397, -1.42574
76.2, 35.2477, -74.4362, -3.35026, -1.41244
76.3, 34.9124, -74.5768, -3.35649, -1.3991
76.4, 34.5764, -74.716, -3.36266, -1.38574
76.5, 34.2399, -74.8539, -3.36878, -1.37234
76.6, 33.9027, -74.9905, -3.37483, -1.35891
76.7, 33.5649, -75.1257, -3.38083, -1.34545
76.8, 33.2265, -75.2596, -3.38678, -1.33195
76.9, 32.8875, -75.3921, -3.39266, -1.31843
77, 32.548, -75.5233, -3.39849, -1.30488
77.1, 32.2078, -75.6531, -3.40426, -1.29129
77.2, 31.8671, -75.7815, -3.40997, -1.27768
77.3, 31.5258, -75.9086, -3.41563, -1.26403
77.4, 31.184, -76.0343, -3.42122, -1.25036
77.5, 30.8416, -76.1587, -3.42675, -1.23666
77.6, 30.4986, -76.2817, -3.43223, -1.22293
77.7, 30.1551, -76.4033, -3.43765, -1.20917
77.8, 29.8111, -76.5235, -3.443, -1.19538
77.9, 29.4665, -76.6424, -3.4483, -1.18157
78, 29.1215, -76.7598, -3.45354, -1.16772
78.1, 28.7758, -76.8759, -3.45872, -1.15385
78.2, 28.4297, -76.9906, -3.46384, -1.13995
78.3, 28.0831, -77.1039, -3.46889, -1.12603
78.4, 27.7359, -77.2158, -3.47389, -1.11208
78.5, 27.3883, -77.3263, -3.47883, -1.0981
78.6, 27.0402, -77.4354, -3.4837, -1.0841
78.7, 26.6916, -77.5431, -3.48852, -1.07007
78.8, 26.3425, -77.6494, -3.49327, -1.05602
78.9, 25.9929, -77.7543, -3.49796, -1.04194
79, 25.6429, -77.8578, -3.50259, -1.02784
79.1, 25.2924, -77.9599, -3.50716, -1.01372
79.2, 24.9414, -78.0606, -3.51167, -0.999566
79.3, 24.59, -78.1598, -3.51611, -0.985392
79.4, 24.2382, -78.2576, -3.5205, -0.971195
79.5, 23.8859, -78.354, -3.52482, -0.956975
79.6, 23.5333, -78.449, -3.52908, -0.942732
79.7, 23.1801, -78.5426, -3.53327, -0.928467
79.8, 22.8266, -78.6347, -3.5374, -0.914179
79.9, 22.4727, -78.7254, -3.54148, -0.89987
80, 22.1183, -78.8147, -3.54548, -0.88554
80.1, 21.7636, -78.9025, -3.54943, -0.871189
80.2, 21.4084, -78.9889, -3.55331, -0.856817
80.3, 21.0529, -79.0739, -3.55713, -0.842424
80.4, 20.697, -79.1574, -3.56088, -0.828011
80.5, 20.3407, -79.2395, -3.56457, -0.813579
80.6, 19.9841, -79.3201, -3.5682, -0.799127
80.7, 19.6271, -79.3993, -3.57176, -0.784656
80.8, 19.2697, -79.4771, -3.57526, -0.770166
80.9, 18.912, -79.5534, -3.57869, -0.755658
81, 18.554, -79.6282, -3.58206, -0.741132
81.1, 18.1956, -79.7016, -3.58537, -0.726588
81.2, 17.8369, -79.7735, -3.58861, -0.712026
81.3, 17.4779, -79.844, -3.59179, -0.697448
81.4, 17.1186, -79.913, -3.5949, -0.682852
81.5, 16.7589, -79.9806, -3.59795, -0.668241
81.6, 16.399, -80.0467, -3.60093, -0.653613
81.7, 16.0387, -80.1113, -3.60385, -0.638969
81.8, 15.6782, -80.1745, -3.6067, -0.62431
81.9, 15.3174, -80.2361, -3.60949, -0.609635
82, 14.9563, -80.2964, -3.61221, -0.594946
82.1, 14.5949, -80.3551, -3.61487, -0.580243
82.2, 14.2333, -80.4124, -3.61746, -0.565526
82.3, 13.8715, -80.4682, -3.61998, -0.550794
82.4, 13.5093, -80.5226, -3.62244, -0.53605
82.5, 13.147, -80.5755, -3.62483, -0.521292
82.6, 12.7844, -80.6268, -3.62716, -0.506522
82.7, 12.4215, -80.6768, -3.62942, -0.491739
82.8, 12.0585, -80.7252, -3.63162, -0.476945
82.9, 11.6952, -80.7721, -3.63375, -0.462138
83, 11.3317, -80.8176, -3.63581, -0.447321
83.1, 10.968, -80.8616, -3.63781, -0.432492
83.2, 10.6042, -80.9041, -3.63974, -0.417653
83.3, 10.2401, -80.9451, -3.6416, -0.402804
83.4, 9.87585, -80.9847, -3.6434, -0.387945
83.5, 9.51142, -81.0227, -3.64513, -0.373076
83.6, 9.14682, -81.0593, -3.6468, -0.358198
83.7, 8.78206, -81.0944, -3.6484, -0.343311
83.8, 8.41714, -81.128, -3.64993, -0.328416
83.9, 8.05207, -81.1601, -3.65139, -0.313512
84, 7.68686, -81.1907, -3.65279, -0.298601
84.1, 7.32152, -81.2198, -3.65412, -0.283682
84.2, 6.95604, -81.2474, -3.65538, -0.268756
84.3, 6.59044, -81.2735, -3.65658, -0.253824
84.4, 6.22472, -81.2982, -3.65771, -0.238885
84.5, 5.8589, -81.3213, -3.65877, -0.22394
84.6, 5.49297, -81.3429, -3.65977, -0.20899
84.7, 5.12694, -81.3631, -3.6607, -0.194034
84.8, 4.76083, -81.3818, -3.66156, -0.179073
84.9, 4.39463, -81.3989, -3.66235, -0.164108
85, 4.02836, -81.4146, -3.66308, -0.149138
85.1, 3.66202, -81.4287, -3.66374, -0.134165
85.2, 3.29561, -81.4414, -3.66433, -0.119188
85.3, 2.92915, -81.4526, -3.66485, -0.104208
85.4, 2.56264, -81.4623, -3.66531, -0.0892248
85.5, 2.19609, -81.4704, -3.6657, -0.0742395
85.6, 1.8295, -81.4771, -3.66602, -0.0592521
85.7, 1.46288, -81.4823, -3.66628, -0.0442629
85.8, 1.09625, -81.486, -3.66647, -0.0292724
85.9, 0.729591, -81.4881, -3.66659, -0.0142809
86, 0.362928, -81.4888, -3.66664, 0.00071122
86.1, -0.00373661, -81.488, -3.66663, 0.0157037
86.2, -0.370397, -81.4857, -3.66654, 0.030696
86.3, -0.737045, -81.4818, -3.66639, 0.045688
86.4, -1.10368, -81.4765, -3.66618, 0.0606791
86.5, -1.47028, -81.4697, -3.66589, 0.0756691
86.6, -1.83685, -81.4614, -3.66554, 0.0906576
86.7, -2.20339, -81.4516, -3.66512, 0.105644
86.8, -2.56988, -81.4403, -3.66464, 0.120629
86.9, -2.93632, -81.4275, -3.66408, 0.13561
87, -3.3027, -81.4131, -3.66346, 0.150589
87.1, -3.66901, -81.3973, -3.66277, 0.165565
87.2, -4.03525, -81.38, -3.66202, 0.180537
87.3, -4.40141, -81.3612, -3.66119, 0.195505
87.4, -4.76749, -81.3409, -3.6603, 0.210468
87.5, -5.13347, -81.3191, -3.65935, 0.225427
87.6, -5.49936, -81.2958, -3.65832, 0.240381
87.7, -5.86514, -81.2711, -3.65723, 0.255329
87.8, -6.2308, -81.2448, -3.65607, 0.270271
87.9, -6.59635, -81.217, -3.65484, 0.285208
88, -6.96177, -81.1877, -3.65355, 0.300137
88.1, -7.32706, -81.157, -3.65219, 0.31506
88.2, -7.69221, -81.1247, -3.65076, 0.329976
88.3, -8.05722, -81.091, -3.64927, 0.344884
88.4, -8.42207, -81.0557, -3.64771, 0.359784
88.5, -8.78676, -81.019, -3.64608, 0.374676
88.6, -9.15128, -80.9808, -3.64439, 0.389559
88.7, -9.51563, -80.9411, -3.64262, 0.404433
88.8, -9.87981, -80.8999, -3.6408, 0.419298
88.9, -10.2438, -80.8573, -3.6389, 0.434153
89, -10.6076, -80.8131, -3.63694, 0.448998
89.1, -10.9712, -80.7675, -3.63491, 0.463833
89.2, -11.3346, -80.7203, -3.63282, 0.478657
89.3, -11.6977, -80.6717, -3.63066, 0.49347
89.4, -12.0607, -80.6216, -3.62843, 0.508271
89.5, -12.4234, -80.5701, -3.62614, 0.523061
89.6, -12.7859, -80.517, -3.62378, 0.537838
89.7, -13.1482, -80.4625, -3.62135, 0.552603
89.8, -13.5102, -80.4065, -3.61886, 0.567355
89.9, -13.872, -80.349, -3.61631, 0.582094
90, -14.2335, -80.2901, -3.61368, 0.596819
90.1, -14.5947, -80.2297, -3.611, 0.611531
90.2, -14.9557, -80.1678, -3.60824, 0.626228
90.3, -15.3163, -80.1044, -3.60542, 0.64091
90.4, -15.6767, -80.0396, -3.60254, 0.655578
90.5, -16.0369, -79.9733, -3.59959, 0.670231
90.6, -16.3967, -79.9056, -3.59657, 0.684867
90.7, -16.7562, -79.8363, -3.59349, 0.699488
90.8, -17.1154, -79.7657, -3.59035, 0.714093
90.9, -17.4742, -79.6935, -3.58714, 0.728681
91, -17.8328, -79.6199, -3.58386, 0.743252
91.1, -18.191, -79.5449, -3.58052, 0.757805
91.2, -18.5489, -79.4684, -3.57712, 0.772342
91.3, -18.9064, -79.3904, -3.57365, 0.78686
91.4, -19.2636, -79.311, -3.57012, 0.801359
91.5, -19.6205, -79.2301, -3.56652, 0.815841
91.6, -19.9769, -79.1478, -3.56286, 0.830303
91.7, -20.333, -79.0641, -3.55913, 0.844746
91.8, -20.6888, -78.9789, -3.55534, 0.859169
91.9, -21.0441, -78.8922, -3.55149, 0.873572
92, -21.3991, -78.8042, -3.54757, 0.887955
92.1, -21.7536, -78.7146, -3.54359, 0.902318
92.2, -22.1078, -78.6237, -3.53955, 0.916659
92.3, -22.4615, -78.5313, -3.53544, 0.930979
92.4, -22.8149, -78.4375, -3.53127, 0.945278
92.5, -23.1678, -78.3423, -3.52704, 0.959555
92.6, -23.5203, -78.2456, -3.52275, 0.973809
92.7, -23.8723, -78.1475, -3.51839, 0.988041
92.8, -24.2239, -78.048, -3.51397, 1.00225
92.9, -24.5751, -77.947, -3.50949, 1.01644
93, -24.9258, -77.8447, -3.50494, 1.0306
93.1, -25.2761, -77.7409, -3.50033, 1.04474
93.2, -25.6259, -77.6357, -3.49567, 1.05885
93.3, -25.9752, -77.5291, -3.49094, 1.07294
93.4, -26.3241, -77.4212, -3.48614, 1.08701
93.5, -26.6725, -77.3117, -3.48129, 1.10105
93.6, -27.0204, -77.2009, -3.47638, 1.11506
93.7, -27.3677, -77.0887, -3.4714, 1.12905
93.8, -27.7146, -76.9751, -3.46636, 1.14301
93.9, -28.061, -76.8601, -3.46127, 1.15695
94, -28.4069, -76.7437, -3.45611, 1.17086
94.1, -28.7522, -76.626, -3.45089, 1.18474
94.2, -29.0971, -76.5068, -3.44561, 1.1986
94.3, -29.4414, -76.3862, -3.44027, 1.21243
94.4, -29.7851, -76.2643, -3.43487, 1.22623
94.5, -30.1283, -76.141, -3.42942, 1.24
94.6, -30.471, -76.0163, -3.4239, 1.25374
94.7, -30.8131, -75.8902, -3.41832, 1.26746
94.8, -31.1547, -75.7628, -3.41268, 1.28115
94.9, -31.4957, -75.634, -3.40699, 1.2948
95, -31.8361, -75.5039, -3.40123, 1.30843
95.1, -32.1759, -75.3723, -3.39542, 1.32203
95.2, -32.5151, -75.2394, -3.38955, 1.3356
95.3, -32.8538, -75.1052, -3.38362, 1.34913
95.4, -33.1919, -74.9696, -3.37763, 1.36264
95.5, -33.5293, -74.8327, -3.37159, 1.37611
95.6, -33.8662, -74.6944, -3.36549, 1.38956
95.7, -34.2024, -74.5548, -3.35933, 1.40297
95.8, -34.5381, -74.4138, -3.35311, 1.41635
95.9, -34.8731, -74.2715, -3.34683, 1.4297
96, -35.2074, -74.1279, -3.3405, 1.44302
96.1, -35.5412, -73.9829, -3.33411, 1.4563
96.2, -35.8742, -73.8366, -3.32767, 1.46955
96.3, -36.2067, -73.689, -3.32117, 1.48277
96.4, -36.5385, -73.5401, -3.31461, 1.49595
96.5, -36.8696, -73.3898, -3.308, 1.5091
96.6, -37.2001, -73.2382, -3.30133, 1.52222
96.7, -37.5299, -73.0854, -3.29461, 1.5353
96.8, -37.859, -72.9312, -3.28783, 1.54835
96.9, -38.1874, -72.7757, -3.28099, 1.56136
97, -38.5152, -72.6189, -3.2741, 1.57434
97.1, -38.8423, -72.4608, -3.26716, 1.58728
97.2, -39.1686, -72.3014, -3.26016, 1.60018
97.3, -39.4943, -72.1408, -3.25311, 1.61305
97.4, -39.8193, -71.9788, -3.24601, 1.62589
97.5, -40.1435, -71.8156, -3.23885, 1.63869
97.6, -40.467, -71.6511, -3.23164, 1.65145
97.7, -40.7898, -71.4853, -3.22437, 1.66417
97.8, -41.1119, -71.3183, -3.21705, 1.67686
97.9, -41.4332, -71.1499, -3.20968, 1.68951
98, -41.7538, -70.9804, -3.20226, 1.70212
98.1, -42.0737, -70.8095, -3.19478, 1.7147
98.2, -42.3928, -70.6374, -3.18725, 1.72724
98.3, -42.7111, -70.4641, -3.17967, 1.73974
98.4, -43.0287, -70.2895, -3.17204, 1.7522
98.5, -43.3455, -70.1136, -3.16436, 1.76462
98.6, -43.6616, -69.9365, -3.15662, 1.777
98.7, -43.9769, -69.7582, -3.14884, 1.78934
98.8, -44.2914, -69.5787, -3.141, 1.80165
98.9, -44.6051, -69.3979, -3.13312, 1.81391
99, -44.918, -69.2159, -3.12518, 1.82614
99.1, -45.2301, -69.0327, -3.1172, 1.83832
99.2, -45.5414, -68.8482, -3.10916, 1.85046
99.3, -45.8519, -68.6626, -3.10108, 1.86257
99.4, -46.1616, -68.4757, -3.09294, 1.87463
99.5, -46.4705, -68.2877, -3.08476, 1.88665
99.6, -46.7786, -68.0984, -3.07653, 1.89863
99.7, -47.0858, -67.9079, -3.06825, 1.91057
99.8, -47.3922, -67.7163, -3.05992, 1.92247
99.9, -47.6978, -67.5234, -3.05154, 1.93432
100, -48.0025, -67.3294, -3.04312, 1.94614
100.1, -48.3064, -67.1342, -3.03465, 1.95791
100.2, -48.6095, -66.9378, -3.02613, 1.96964
100.3, -48.9117, -66.7403, -3.01756, 1.98133
100.4, -49.213, -66.5416, -3.00895, 1.99297
100.5, -49.5135, -66.3417, -3.00029, 2.00457
100.6, -49.813, -66.1407, -2.99159, 2.01613
100.7, -50.1118, -65.9385, -2.98284, 2.02764
100.8, -50.4096, -65.7351, -2.97404, 2.03911
100.9, -50.7066, -65.5306, -2.9652, 2.05054
101, -51.0027, -65.325, -2.95631, 2.06192
101.1, -51.2978, -65.1183, -2.94738, 2.07326
101.2, -51.5921, -64.9104, -2.93841, 2.08455
101.3, -51.8855, -64.7013, -2.92939, 2.0958
101.4, -52.178, -64.4912, -2.92032, 2.10701
101.5, -52.4696, -64.2799, -2.91121, 2.11817
101.6, -52.7603, -64.0676, -2.90206, 2.12928
101.7, -53.05, -63.8541, -2.89287, 2.14035
101.8, -53.3388, -63.6395, -2.88363, 2.15138
101.9, -53.6267, -63.4238, -2.87435, 2.16236
102, -53.9137, -63.207, -2.86503, 2.17329
102.1, -54.1997, -62.9892, -2.85566, 2.18418
102.2, -54.4848, -62.7702, -2.84625, 2.19502
102.3, -54.769, -62.5501, -2.83681, 2.20581
102.4, -55.0522, -62.329, -2.82732, 2.21656
102.5, -55.3344, -62.1068, -2.81778, 2.22726
102.6, -55.6157, -61.8836, -2.80821, 2.23792
102.7, -55.8961, -61.6593, -2.7986, 2.24853
102.8, -56.1755, -61.4339, -2.78895, 2.25909
102.9, -56.4539, -61.2074, -2.77925, 2.2696
103, -56.7313, -60.9799, -2.76952, 2.28007
103.1, -57.0078, -60.7514, -2.75975, 2.29049
103.2, -57.2833, -60.5219, -2.74994, 2.30086
103.3, -57.5578, -60.2912, -2.74009, 2.31119
103.4, -57.8313, -60.0596, -2.7302, 2.32146
103.5, -58.1038, -59.827, -2.72027, 2.33169
103.6, -58.3753, -59.5933, -2.7103, 2.34187
103.7, -58.6459, -59.3586, -2.7003, 2.352
103.8, -58.9154, -59.1229, -2.69026, 2.36209
103.9, -59.1839, -58.8862, -2.68018, 2.37212
104, -59.4514, -58.6485, -2.67006, 2.38211
104.1, -59.7179, -58.4097, -2.65991, 2.39205
104.2, -59.9834, -58.17, -2.64972, 2.40193
104.3, -60.2479, -57.9294, -2.6395, 2.41177
104.4, -60.5113, -57.6877, -2.62924, 2.42156
104.5, -60.7737, -57.445, -2.61894, 2.43131
104.6, -61.0351, -57.2014, -2.60861, 2.441
104.7, -61.2954, -56.9568, -2.59824, 2.45064
104.8, -61.5548, -56.7113, -2.58784, 2.46023
104.9, -61.813, -56.4648, -2.5774, 2.46977
105, -62.0702, -56.2173, -2.56693, 2.47927
105.1, -62.3264, -55.9689, -2.55643, 2.48871
105.2, -62.5815, -55.7196, -2.54589, 2.4981
105.3, -62.8356, -55.4693, -2.53532, 2.50744
105.4, -63.0886, -55.2181, -2.52471, 2.51673
105.5, -63.3405, -54.966, -2.51408, 2.52598
105.6, -63.5914, -54.7129, -2.50341, 2.53517
105.7, -63.8412, -54.4589, -2.4927, 2.54431
105.8, -64.0899, -54.2041, -2.48197, 2.5534
105.9, -64.3376, -53.9483, -2.4712, 2.56244
106, -64.5842, -53.6916, -2.4604, 2.57142
106.1, -64.8297, -53.434, -2.44957, 2.58036
106.2, -65.0741, -53.1755, -2.43871, 2.58925
106.3, -65.3174, -52.9161, -2.42782, 2.59808
106.4, -65.5597, -52.6559, -2.4169, 2.60686
106.5, -65.8008, -52.3948, -2.40595, 2.6156
106.6, -66.0408, -52.1328, -2.39497, 2.62428
106.7, -66.2798, -51.8699, -2.38396, 2.63291
106.8, -66.5176, -51.6062, -2.37292, 2.64148
106.9, -66.7544, -51.3416, -2.36185, 2.65001
107, -66.99, -51.0762, -2.35075, 2.65848
107.1, -67.2245, -50.8099, -2.33963, 2.66691
107.2, -67.4579, -50.5428, -2.32847, 2.67528
107.3, -67.6902, -50.2749, -2.31729, 2.68359
107.4, -67.9214, -50.0061, -2.30608, 2.69186
107.5, -68.1514, -49.7365, -2.29485, 2.70007
107.6, -68.3804, -49.4661, -2.28358, 2.70824
107.7, -68.6082, -49.1948, -2.27229, 2.71635
107.8, -68.8348, -48.9228, -2.26097, 2.7244
107.9, -69.0604, -48.65, -2.24963, 2.73241
108, -69.2847, -48.3763, -2.23826, 2.74036
108.1, -69.508, -48.1019, -2.22687, 2.74826
108.2, -69.7301, -47.8267, -2.21545, 2.75611
108.3, -69.9511, -47.5507, -2.204, 2.76391
108.4, -70.1709, -47.2739, -2.19253, 2.77165
108.5, -70.3896, -46.9963, -2.18104, 2.77934
108.6, -70.6071, -46.718, -2.16952, 2.78698
108.7, -70.8235, -46.4389, -2.15798, 2.79456
108.8, -71.0387, -46.1591, -2.14641, 2.80209
108.9, -71.2528, -45.8785, -2.13482, 2.80957
109, -71.4657, -45.5972, -2.12321, 2.817
109.1, -71.6774, -45.3151, -2.11157, 2.82437
109.2, -71.888, -45.0323, -2.09991, 2.83169
109.3, -72.0974, -44.7488, -2.08823, 2.83896
109.4, -72.3056, -44.4645, -2.07653, 2.84617
109.5, -72.5127, -44.1795, -2.0648, 2.85333
109.6, -72.7186, -43.8939, -2.05305, 2.86044
109.7, -72.9233, -43.6075, -2.04129, 2.86749
109.8, -73.1269, -43.3204, -2.0295, 2.87449
109.9, -73.3292, -43.0326, -2.01769, 2.88144
110, -73.5304, -42.7441, -2.00586, 2.88834
110.1, -73.7304, -42.4549, -1.99401, 2.89518
110.2, -73.9292, -42.165, -1.98214, 2.90197
110.3, -74.1268, -41.8745, -1.97025, 2.9087
110.4, -74.3233, -41.5833, -1.95834, 2.91538
110.5, -74.5185, -41.2914, -1.94641, 2.92201
110.6, -74.7125, -40.9989, -1.93446, 2.92859
110.7, -74.9054, -40.7057, -1.92249, 2.93511
110.8, -75.097, -40.4119, -1.91051, 2.94158
110.9, -75.2875, -40.1174, -1.89851, 2.94799
111, -75.4767, -39.8223, -1.88649, 2.95435
111.1, -75.6648, -39.5265, -1.87445, 2.96066
111.2, -75.8516, -39.2301, -1.86239, 2.96692
111.3, -76.0373, -38.9331, -1.85032, 2.97312
111.4, -76.2217, -38.6355, -1.83823, 2.97926
111.5, -76.4049, -38.3373, -1.82613, 2.98536
111.6, -76.5869, -38.0384, -1.81401, 2.9914
111.7, -76.7677, -37.739, -1.80187, 2.99739
111.8, -76.9473, -37.439, -1.78972, 3.00332
111.9, -77.1257, -37.1383, -1.77755, 3.0092
112, -77.3028, -36.8371, -1.76536, 3.01503
112.1, -77.4787, -36.5353, -1.75316, 3.0208
112.2, -77.6534, -36.233, -1.74095, 3.02652
112.3, -77.8269, -35.93, -1.72872, 3.03219
112.4, -77.9992, -35.6265, -1.71648, 3.0378
112.5, -78.1702, -35.3225, -1.70422, 3.04336
112.6, -78.34, -35.0179, -1.69195, 3.04887
112.7, -78.5086, -34.7127, -1.67967, 3.05432
112.8, -78.676, -34.407, -1.66737, 3.05972
112.9, -78.8421, -34.1007, -1.65507, 3.06506
113, -79.007, -33.794, -1.64274, 3.07036
113.1, -79.1706, -33.4867, -1.63041, 3.0756
113.2, -79.3331, -33.1789, -1.61806, 3.08078
113.3, -79.4942, -32.8705, -1.6057, 3.08592
113.4, -79.6542, -32.5617, -1.59333, 3.091
113.5, -79.8129, -32.2523, -1.58095, 3.09602
113.6, -79.9704, -31.9425, -1.56856, 3.101
113.7, -80.1266, -31.6321, -1.55616, 3.10592
113.8, -80.2816, -31.3213, -1.54374, 3.11078
113.9, -80.4354, -31.01, -1.53132, 3.1156
114, -80.5879, -30.6982, -1.51888, 3.12036
114.1, -80.7391, -30.3859, -1.50644, 3.12506
114.2, -80.8892, -30.0732, -1.49399, 3.12972
114.3, -81.0379, -29.76, -1.48152, 3.13432
114.4, -81.1855, -29.4463, -1.46905, 3.13887
114.5, -81.3318, -29.1322, -1.45657, 3.14336
114.6, -81.4768, -28.8176, -1.44408, 3.14781
114.7, -81.6206, -28.5026, -1.43158, 3.15219
114.8, -81.7631, -28.1872, -1.41907, 3.15653
114.9, -81.9044, -27.8713, -1.40656, 3.16082
115, -82.0444, -27.555, -1.39403, 3.16505
115.1, -82.1832, -27.2383, -1.3815, 3.16922
115.2, -82.3207, -26.9212, -1.36896, 3.17335
115.3, -82.457, -26.6036, -1.35642, 3.17742
115.4, -82.592, -26.2857, -1.34387, 3.18144
115.5, -82.7258, -25.9673, -1.33131, 3.18541
115.6, -82.8583, -25.6486, -1.31874, 3.18933
115.7, -82.9895, -25.3295, -1.30617, 3.19319
115.8, -83.1195, -25.01, -1.2936, 3.197
115.9, -83.2482, -24.6901, -1.28101, 3.20076
116, -83.3757, -24.3698, -1.26843, 3.20447
116.1, -83.5019, -24.0492, -1.25583, 3.20812
116.2, -83.6269, -23.7282, -1.24324, 3.21172
116.3, -83.7506, -23.4068, -1.23063, 3.21527
116.4, -83.873, -23.0851, -1.21803, 3.21877
116.5, -83.9942, -22.7631, -1.20541, 3.22221
116.6, -84.1141, -22.4407, -1.1928, 3.22561
116.7, -84.2327, -22.118, -1.18018, 3.22895
116.8, -84.3501, -21.7949, -1.16756, 3.23224
116.9, -84.4662, -21.4715, -1.15493, 3.23547
117, -84.5811, -21.1478, -1.1423, 3.23866
117.1, -84.6947, -20.8238, -1.12967, 3.24179
117.2, -84.807, -20.4995, -1.11703, 3.24488
117.3, -84.9181, -20.1748, -1.1044, 3.24791
117.4, -85.0279, -19.8499, -1.09176, 3.25089
117.5, -85.1364, -19.5246, -1.07911, 3.25381
117.6, -85.2437, -19.1991, -1.06647, 3.25669
117.7, -85.3497, -18.8733, -1.05382, 3.25952
117.8, -85.4545, -18.5472, -1.04118, 3.26229
117.9, -85.558, -18.2208, -1.02853, 3.26501
118, -85.6602, -17.8942, -1.01588, 3.26769
118.1, -85.7612, -17.5673, -1.00323, 3.27031
118.2, -85.8608, -17.2401, -0.990577, 3.27288
118.3, -85.9593, -16.9127, -0.977925, 3.2754
118.4, -86.0564, -16.5851, -0.965274, 3.27786
118.5, -86.1523, -16.2572, -0.952623, 3.28028
118.6, -86.247, -15.929, -0.939971, 3.28265
118.7, -86.3403, -15.6006, -0.927321, 3.28496
118.8, -86.4324, -15.272, -0.91467, 3.28723
118.9, -86.5233, -14.9432, -0.902021, 3.28945
119, -86.6128, -14.6141, -0.889373, 3.29161
119.1, -86.7011, -14.2849, -0.876726, 3.29372
119.2, -86.7882, -13.9554, -0.86408, 3.29579
119.3, -86.8739, -13.6257, -0.851436, 3.2978
119.4, -86.9585, -13.2958, -0.838794, 3.29977
119.5, -87.0417, -12.9657, -0.826154, 3.30168
119.6, -87.1237, -12.6355, -0.813517, 3.30355
119.7, -87.2044, -12.305, -0.800881, 3.30536
119.8, -87.2839, -11.9744, -0.788249, 3.30713
119.9, -87.3621, -11.6436, -0.775619, 3.30884
120, -87.439, -11.3126, -0.762992, 3.31051
120.1, -87.5147, -10.9815, -0.750369, 3.31212
120.2, -87.5891, -10.6502, -0.737749, 3.31369
120.3, -87.6622, -10.3188, -0.725132, 3.31521
120.4, -87.7341, -9.98717, -0.712519, 3.31668
120.5, -87.8047, -9.65543, -0.699911, 3.3181
120.6, -87.8741, -9.32356, -0.687306, 3.31947
120.7, -87.9422, -8.99154, -0.674706, 3.32079
120.8, -88.009, -8.6594, -0.66211, 3.32206
120.9, -88.0746, -8.32713, -0.649519, 3.32329
121, -88.1389, -7.99474, -0.636933, 3.32446
121.1, -88.202, -7.66224, -0.624352, 3.32559
121.2, -88.2638, -7.32962, -0.611777, 3.32667
121.3, -88.3243, -6.9969, -0.599207, 3.3277
121.4, -88.3836, -6.66408, -0.586642, 3.32868
121.5, -88.4417, -6.33117, -0.574084, 3.32961
121.6, -88.4984, -5.99816, -0.561531, 3.3305
121.7, -88.554, -5.66507, -0.548985, 3.33133
121.8, -88.6082, -5.3319, -0.536445, 3.33212
121.9, -88.6613, -4.99864, -0.523911, 3.33286
122, -88.713, -4.66532, -0.511385, 3.33356
122.1, -88.7635, -4.33193, -0.498865, 3.3342
122.2, -88.8128, -3.99848, -0.486352, 3.3348
122.3, -88.8608, -3.66497, -0.473846, 3.33535
122.4, -88.9076, -3.33141, -0.461348, 3.33586
122.5, -88.9531, -2.9978, -0.448858, 3.33631
122.6, -88.9973, -2.66415, -0.436375, 3.33672
122.7, -89.0403, -2.33046, -0.4239, 3.33709
122.8, -89.0821, -1.99673, -0.411434, 3.3374
122.9, -89.1226, -1.66298, -0.398975, 3.33767
123, -89.1619, -1.3292, -0.386525, 3.33789
123.1, -89.1999, -0.995399, -0.374084, 3.33807
123.2, -89.2367, -0.661585, -0.361651, 3.3382
123.3, -89.2723, -0.32776, -0.349227, 3.33828
123.4, -89.3066, 0.00607104, -0.336813, 3.33831
123.5, -89.3396, 0.339903, -0.324407, 3.3383
123.6, -89.3715, 0.673732, -0.312012, 3.33825
123.7, -89.402, 1.00755, -0.299625, 3.33815
123.8, -89.4314, 1.34136, -0.287249, 3.338
123.9, -89.4595, 1.67515, -0.274882, 3.3378
124, -89.4864, 2.00892, -0.262525, 3.33756
124.1, -89.512, 2.34267, -0.250179, 3.33728
124.2, -89.5364, 2.67638, -0.237843, 3.33695
124.3, -89.5596, 3.01005, -0.225517, 3.33657
124.4, -89.5815, 3.34369, -0.213203, 3.33615
124.5, -89.6022, 3.67729, -0.200899, 3.33568
124.6, -89.6217, 4.01083, -0.188606, 3.33517
124.7, -89.6399, 4.34432, -0.176324, 3.33462
124.8, -89.6569, 4.67775, -0.164053, 3.33402
124.9, -89.6727, 5.01112, -0.151794, 3.33337
125, -89.6873, 5.34443, -0.139547, 3.33268
125.1, -89.7006, 5.67766, -0.127311, 3.33194
125.2, -89.7128, 6.01082, -0.115087, 3.33116
125.3, -89.7237, 6.34389, -0.102875, 3.33034
125.4, -89.7333, 6.67688, -0.0906753, 3.32947
125.5, -89.7418, 7.00979, -0.078488, 3.32856
125.6, -89.749, 7.3426, -0.0663131, 3.3276
125.7, -89.7551, 7.67531, -0.0541509, 3.32661
125.8, -89.7599, 8.00792, -0.0420014, 3.32556
125.9, -89.7635, 8.34042, -0.0298648, 3.32447
126, -89.7658, 8.67281, -0.0177412, 3.32334
126.1, -89.767, 9.00509, -0.00563086, 3.32217
126.2, -89.767, 9.33725, 0.0064662, 3.32095
126.3, -89.7657, 9.66928, 0.0185498, 3.31969
126.4, -89.7632, 10.0012, 0.0306198, 3.31839
126.5, -89.7596, 10.333, 0.0426761, 3.31704
126.6, -89.7547, 10.6646, 0.0547185, 3.31565
126.7, -89.7486, 10.9961, 0.0667468, 3.31422
126.8, -89.7414, 11.3274, 0.0787611, 3.31275
126.9, -89.7329, 11.6586, 0.0907611, 3.31123
127, -89.7232, 11.9897, 0.102747, 3.30967
127.1, -89.7123, 12.3206, 0.114718, 3.30807
127.2, -89.7003, 12.6513, 0.126674, 3.30642
127.3, -89.687, 12.9819, 0.138616, 3.30474
127.4, -89.6725, 13.3122, 0.150542, 3.30301
127.5, -89.6569, 13.6425, 0.162454, 3.30124
127.6, -89.6401, 13.9725, 0.17435, 3.29943
127.7, -89.622, 14.3023, 0.186231, 3.29758
127.8, -89.6028, 14.632, 0.198097, 3.29568
127.9, -89.5824, 14.9615, 0.209947, 3.29375
128, -89.5608, 15.2908, 0.221782, 3.29177
128.1, -89.5381, 15.6198, 0.2336, 3.28975
128.2, -89.5141, 15.9487, 0.245403, 3.28769
128.3, -89.489, 16.2774, 0.25719, 3.28559
128.4, -89.4627, 16.6058, 0.26896, 3.28345
128.5, -89.4352, 16.9341, 0.280714, 3.28127
128.6, -89.4065, 17.2621, 0.292452, 3.27905
128.7, -89.3767, 17.5899, 0.304173, 3.27679
128.8, -89.3457, 17.9174, 0.315878, 3.27449
128.9, -89.3135, 18.2448, 0.327566, 3.27214
129, -89.2802, 18.5719, 0.339237, 3.26976
129.1, -89.2457, 18.8987, 0.350891, 3.26734
129.2, -89.21, 19.2253, 0.362527, 3.26488
129.3, -89.1732, 19.5517, 0.374147, 3.26237
129.4, -89.1352, 19.8778, 0.385749, 3.25983
129.5, -89.096, 20.2037, 0.397334, 3.25725
129.6, -89.0557, 20.5293, 0.408901, 3.25463
129.7, -89.0142, 20.8546, 0.420451, 3.25197
129.8, -88.9716, 21.1797, 0.431983, 3.24927
129.9, -88.9278, 21.5044, 0.443496, 3.24654
130, -88.8829, 21.829, 0.454992, 3.24376
130.1, -88.8368, 22.1532, 0.46647, 3.24094
130.2, -88.7896, 22.4771, 0.477929, 3.23809
130.3, -88.7412, 22.8008, 0.489371, 3.2352
130.4, -88.6917, 23.1242, 0.500793, 3.23227
130.5, -88.6411, 23.4473, 0.512198, 3.2293
130.6, -88.5893, 23.77, 0.523583, 3.22629
130.7, -88.5364, 24.0925, 0.53495, 3.22324
130.8, -88.4823, 24.4147, 0.546298, 3.22016
130.9, -88.4271, 24.7366, 0.557627, 3.21704
131, -88.3708, 25.0581, 0.568937, 3.21388
131.1, -88.3133, 25.3793, 0.580228, 3.21069
131.2, -88.2547, 25.7002, 0.591499, 3.20745
131.3, -88.195, 26.0208, 0.602751, 3.20418
131.4, -88.1342, 26.3411, 0.613984, 3.20087
131.5, -88.0722, 26.661, 0.625197, 3.19753
131.6, -88.0091, 26.9806, 0.636391, 3.19415
131.7, -87.945, 27.2998, 0.647564, 3.19073
131.8, -87.8796, 27.6187, 0.658718, 3.18727
131.9, -87.8132, 27.9373, 0.669852, 3.18378
132, -87.7457, 28.2555, 0.680966, 3.18025
132.1, -87.677, 28.5733, 0.69206, 3.17669
132.2, -87.6073, 28.8908, 0.703133, 3.17308
132.3, -87.5364, 29.2079, 0.714187, 3.16945
132.4, -87.4644, 29.5247, 0.725219, 3.16577
132.5, -87.3913, 29.8411, 0.736232, 3.16206
132.6, -87.3172, 30.1571, 0.747224, 3.15832
132.7, -87.2419, 30.4728, 0.758195, 3.15454
132.8, -87.1655, 30.788, 0.769145, 3.15072
132.9, -87.0881, 31.1029, 0.780074, 3.14687
133, -87.0095, 31.4174, 0.790983, 3.14298
133.1, -86.9299, 31.7315, 0.80187, 3.13906
133.2, -86.8491, 32.0452, 0.812737, 3.1351
133.3, -86.7673, 32.3585, 0.823582, 3.13111
133.4, -86.6844, 32.6714, 0.834406, 3.12708
133.5, -86.6004, 32.9839, 0.845208, 3.12302
133.6, -86.5154, 33.296, 0.855989, 3.11893
133.7, -86.4292, 33.6077, 0.866749, 3.1148
133.8, -86.342, 33.919, 0.877487, 3.11063
133.9, -86.2537, 34.2299, 0.888203, 3.10643
134, -86.1644, 34.5403, 0.898897, 3.1022
134.1, -86.074, 34.8503, 0.90957, 3.09793
134.2, -85.9825, 35.1599, 0.92022, 3.09363
134.3, -85.8899, 35.469, 0.930849, 3.08929
134.4, -85.7963, 35.7777, 0.941455, 3.08493
134.5, -85.7016, 36.086, 0.952039, 3.08052
134.6, -85.6059, 36.3938, 0.962601, 3.07609
134.7, -85.5091, 36.7012, 0.973141, 3.07162
134.8, -85.4113, 37.0082, 0.983658, 3.06712
134.9, -85.3124, 37.3146, 0.994153, 3.06258
135, -85.2124, 37.6207, 1.00462, 3.05801
135.1, -85.1115, 37.9263, 1.01507, 3.05341
135.2, -85.0094, 38.2314, 1.0255, 3.04878
135.3, -84.9064, 38.536, 1.0359, 3.04411
135.4, -84.8022, 38.8402, 1.04629, 3.03942
135.5, -84.6971, 39.1439, 1.05664, 3.03469
135.6, -84.5909, 39.4471, 1.06698, 3.02992
135.7, -84.4837, 39.7499, 1.07729, 3.02513
135.8, -84.3755, 40.0521, 1.08758, 3.0203
135.9, -84.2662, 40.3539, 1.09785, 3.01544
136, -84.1559, 40.6552, 1.10809, 3.01055
136.1, -84.0446, 40.956, 1.11831, 3.00563
136.2, -83.9322, 41.2564, 1.1285, 3.00067
136.3, -83.8189, 41.5562, 1.13867, 2.99569
136.4, -83.7045, 41.8555, 1.14882, 2.99067
136.5, -83.5891, 42.1543, 1.15895, 2.98563
136.6, -83.4727, 42.4526, 1.16905, 2.98055
136.7, -83.3553, 42.7504, 1.17913, 2.97544
136.8, -83.2369, 43.0477, 1.18918, 2.9703
136.9, -83.1175, 43.3445, 1.19921, 2.96513
137, -82.997, 43.6407, 1.20922, 2.95992
137.1, -82.8756, 43.9365, 1.2192, 2.95469
137.2, -82.7532, 44.2317, 1.22916, 2.94943
137.3, -82.6298, 44.5264, 1.23909, 2.94414
137.4, -82.5054, 44.8205, 1.249, 2.93881
137.5, -82.38, 45.1141, 1.25888, 2.93346
137.6, -82.2536, 45.4072, 1.26874, 2.92808
137.7, -82.1262, 45.6997, 1.27858, 2.92267
137.8, -81.9979, 45.9917, 1.28839, 2.91722
137.9, -81.8686, 46.2832, 1.29818, 2.91175
138, -81.7383, 46.5741, 1.30794, 2.90625
138.1, -81.607, 46.8644, 1.31768, 2.90072
138.2, -81.4747, 47.1542, 1.32739, 2.89516
138.3, -81.3415, 47.4435, 1.33708, 2.88957
138.4, -81.2073, 47.7321, 1.34674, 2.88395
138.5, -81.0721, 48.0203, 1.35638, 2.87831
138.6, -80.936, 48.3078, 1.366, 2.87263
138.7, -80.7989, 48.5948, 1.37559, 2.86693
138.8, -80.6609, 48.8812, 1.38515, 2.8612
138.9, -80.5219, 49.167, 1.39469, 2.85543
139, -80.382, 49.4523, 1.4042, 2.84965
139.1, -80.2411, 49.7369, 1.41369, 2.84383
139.2, -80.0992, 50.021, 1.42316, 2.83798
139.3, -79.9564, 50.3045, 1.43259, 2.83211
139.4, -79.8127, 50.5875, 1.44201, 2.82621
139.5, -79.668, 50.8698, 1.45139, 2.82028
139.6, -79.5224, 51.1515, 1.46075, 2.81432
139.7, -79.3759, 51.4326, 1.47009, 2.80834
139.8, -79.2284, 51.7132, 1.4794, 2.80233
139.9, -79.08, 51.9931, 1.48869, 2.79629
140, -78.9307, 52.2724, 1.49795, 2.79022
140.1, -78.7804, 52.5512, 1.50718, 2.78413
140.2, -78.6292, 52.8293, 1.51639, 2.77801
140.3, -78.4771, 53.1068, 1.52557, 2.77186
140.4, -78.3241, 53.3836, 1.53473, 2.76569
140.5, -78.1702, 53.6599, 1.54386, 2.75949
140.6, -78.0154, 53.9355, 1.55296, 2.75326
140.7, -77.8596, 54.2105, 1.56204, 2.74701
140.8, -77.7029, 54.4849, 1.57109, 2.74073
140.9, -77.5454, 54.7587, 1.58012, 2.73442
141, -77.3869, 55.0318, 1.58912, 2.72809
141.1, -77.2276, 55.3043, 1.59809, 2.72173
141.2, -77.0673, 55.5762, 1.60704, 2.71535
141.3, -76.9062, 55.8474, 1.61596, 2.70894
141.4, -76.7441, 56.118, 1.62486, 2.70251
141.5, -76.5812, 56.3879, 1.63373, 2.69605
141.6, -76.4174, 56.6572, 1.64257, 2.68956
141.7, -76.2527, 56.9258, 1.65138, 2.68305
141.8, -76.0871, 57.1938, 1.66017, 2.67651
141.9, -75.9206, 57.4611, 1.66894, 2.66995
142, -75.7533, 57.7278, 1.67767, 2.66336
142.1, -75.5851, 57.9938, 1.68638, 2.65675
142.2, -75.416, 58.2591, 1.69507, 2.65012
142.3, -75.2461, 58.5238, 1.70372, 2.64346
142.4, -75.0753, 58.7878, 1.71235, 2.63677
142.5, -74.9036, 59.0511, 1.72096, 2.63006
142.6, -74.7311, 59.3138, 1.72953, 2.62333
142.7, -74.5577, 59.5758, 1.73808, 2.61657
142.8, -74.3835, 59.8371, 1.7466, 2.60979
142.9, -74.2084, 60.0978, 1.7551, 2.60298
143, -74.0325, 60.3577, 1.76357, 2.59615
143.1, -73.8557, 60.617, 1.77201, 2.5893
143.2, -73.6781, 60.8756, 1.78042, 2.58242
143.3, -73.4996, 61.1335, 1.78881, 2.57552
143.4, -73.3203, 61.3907, 1.79717, 2.56859
143.5, -73.1402, 61.6472, 1.8055, 2.56164
143.6, -72.9592, 61.903, 1.81381, 2.55467
143.7, -72.7774, 62.1581, 1.82209, 2.54768
143.8, -72.5948, 62.4126, 1.83034, 2.54066
143.9, -72.4113, 62.6663, 1.83857, 2.53362
144, -72.2271, 62.9193, 1.84676, 2.52655
144.1, -72.042, 63.1716, 1.85493, 2.51947
144.2, -71.8561, 63.4232, 1.86307, 2.51236
144.3, -71.6694, 63.674, 1.87119, 2.50523
144.4, -71.4818, 63.9242, 1.87928, 2.49807
144.5, -71.2935, 64.1737, 1.88734, 2.4909
144.6, -71.1044, 64.4224, 1.89537, 2.4837
144.7, -70.9144, 64.6704, 1.90337, 2.47648
144.8, -70.7237, 64.9177, 1.91135, 2.46923
144.9, -70.5322, 65.1642, 1.9193, 2.46197
145, -70.3398, 65.4101, 1.92722, 2.45468
145.1, -70.1467, 65.6552, 1.93512, 2.44737
145.2, -69.9528, 65.8996, 1.94298, 2.44004
145.3, -69.7581, 66.1432, 1.95082, 2.43269
145.4, -69.5626, 66.3861, 1.95863, 2.42532
145.5, -69.3664, 66.6283, 1.96642, 2.41792
145.6, -69.1694, 66.8697, 1.97417, 2.41051
145.7, -68.9716, 67.1104, 1.9819, 2.40307
145.8, -68.773, 67.3503, 1.9896, 2.39561
145.9, -68.5736, 67.5895, 1.99727, 2.38814
146, -68.3735, 67.8279, 2.00492, 2.38064
146.1, -68.1727, 68.0656, 2.01253, 2.37312
146.2, -67.971, 68.3025, 2.02012, 2.36558
146.3, -67.7686, 68.5387, 2.02768, 2.35801
146.4, -67.5655, 68.7741, 2.03521, 2.35043
146.5, -67.3616, 69.0088, 2.04272, 2.34283
146.6, -67.1569, 69.2427, 2.05019, 2.33521
146.7, -66.9516, 69.4759, 2.05764, 2.32757
146.8, -66.7454, 69.7082, 2.06506, 2.3199
146.9, -66.5385, 69.9398, 2.07245, 2.31222
147, -66.3309, 70.1707, 2.07981, 2.30452
147.1, -66.1226, 70.4007, 2.08715, 2.2968
147.2, -65.9135, 70.63, 2.09445, 2.28906
147.3, -65.7037, 70.8585, 2.10173, 2.28129
147.4, -65.4931, 71.0863, 2.10898, 2.27351
147.5, -65.2819, 71.3133, 2.1162, 2.26571
147.6, -65.0699, 71.5394, 2.1234, 2.25789
147.7, -64.8572, 71.7648, 2.13056, 2.25006
147.8, -64.6438, 71.9894, 2.1377, 2.2422
147.9, -64.4297, 72.2133, 2.14481, 2.23432
148, -64.2148, 72.4363, 2.15189, 2.22643
148.1, -63.9993, 72.6586, 2.15894, 2.21851
148.2, -63.783, 72.88, 2.16596, 2.21058
148.3, -63.5661, 73.1007, 2.17296, 2.20263
148.4, -63.3485, 73.3205, 2.17992, 2.19466
148.5, -63.1301, 73.5396, 2.18686, 2.18667
148.6, -62.9111, 73.7579, 2.19377, 2.17867
148.7, -62.6914, 73.9753, 2.20065, 2.17064
148.8, -62.471, 74.192, 2.2075, 2.1626
148.9, -62.2499, 74.4079, 2.21432, 2.15454
149, -62.0281, 74.6229, 2.22112, 2.14646
149.1, -61.8056, 74.8371, 2.22788, 2.13836
149.2, -61.5825, 75.0506, 2.23462, 2.13025
149.3, -61.3587, 75.2632, 2.24133, 2.12212
149.4, -61.1342, 75.475, 2.24801, 2.11397
149.5, -60.9091, 75.686, 2.25466, 2.1058
149.6, -60.6833, 75.8962, 2.26128, 2.09762
149.7, -60.4569, 76.1055, 2.26787, 2.08942
149.8, -60.2297, 76.314, 2.27444, 2.0812
149.9, -60.002, 76.5218, 2.28097, 2.07296
150, -59.7735, 76.7286, 2.28748, 2.06471
150.1, -59.5445, 76.9347, 2.29396, 2.05644
150.2, -59.3148, 77.1399, 2.3004, 2.04816
150.3, -59.0844, 77.3443, 2.30682, 2.03985
150.4, -58.8534, 77.5479, 2.31322, 2.03154
150.5, -58.6218, 77.7506, 2.31958, 2.0232
150.6, -58.3895, 77.9525, 2.32591, 2.01485
150.7, -58.1566, 78.1536, 2.33222, 2.00648
150.8, -57.923, 78.3538, 2.33849, 1.99809
150.9, -57.6889, 78.5532, 2.34474, 1.98969
151, -57.4541, 78.7518, 2.35095, 1.98128
151.1, -57.2187, 78.9495, 2.35714, 1.97284
151.2, -56.9827, 79.1463, 2.3633, 1.9644
151.3, -56.746, 79.3424, 2.36943, 1.95593
151.4, -56.5088, 79.5375, 2.37553, 1.94745
151.5, -56.2709, 79.7319, 2.38161, 1.93895
151.6, -56.0324, 79.9253, 2.38765, 1.93044
151.7, -55.7934, 80.1179, 2.39366, 1.92192
151.8, -55.5537, 80.3097, 2.39965, 1.91337
151.9, -55.3135, 80.5006, 2.4056, 1.90482
152, -55.0726, 80.6907, 2.41153, 1.89624
152.1, -54.8311, 80.8799, 2.41743, 1.88766
152.2, -54.5891, 81.0682, 2.42329, 1.87905
152.3, -54.3465, 81.2557, 2.42913, 1.87044
152.4, -54.1033, 81.4423, 2.43494, 1.86181
152.5, -53.8595, 81.628, 2.44072, 1.85316
152.6, -53.6151, 81.8129, 2.44647, 1.8445
152.7, -53.3702, 81.9969, 2.45219, 1.83582
152.8, -53.1247, 82.1801, 2.45789, 1.82713
152.9, -52.8786, 82.3624, 2.46355, 1.81843
153, -52.632, 82.5438, 2.46918, 1.80971
153.1, -52.3848, 82.7243, 2.47479, 1.80097
153.2, -52.137, 82.904, 2.48036, 1.79223
153.3, -51.8887, 83.0827, 2.48591, 1.78346
153.4, -51.6399, 83.2607, 2.49143, 1.77469
153.5, -51.3904, 83.4377, 2.49691, 1.7659
153.6, -51.1405, 83.6138, 2.50237, 1.7571
153.7, -50.89, 83.7891, 2.5078, 1.74828
153.8, -50.6389, 83.9635, 2.5132, 1.73945
153.9, -50.3873, 84.137, 2.51857, 1.73061
154, -50.1352, 84.3096, 2.52391, 1.72175
154.1, -49.8825, 84.4813, 2.52922, 1.71288
154.2, -49.6293, 84.6522, 2.5345, 1.704
154.3, -49.3756, 84.8221, 2.53976, 1.6951
154.4, -49.1214, 84.9912, 2.54498, 1.68619
154.5, -48.8666, 85.1594, 2.55017, 1.67727
154.6, -48.6114, 85.3267, 2.55533, 1.66833
154.7, -48.3556, 85.493, 2.56047, 1.65938
154.8, -48.0993, 85.6585, 2.56557, 1.65042
154.9, -47.8425, 85.8231, 2.57065, 1.64145
155, -47.5851, 85.9868, 2.57569, 1.63246
155.1, -47.3273, 86.1496, 2.58071, 1.62346
155.2, -47.069, 86.3115, 2.5857, 1.61445
155.3, -46.8102, 86.4725, 2.59065, 1.60543
155.4, -46.5509, 86.6326, 2.59558, 1.59639
155.5, -46.2911, 86.7918, 2.60048, 1.58735
155.6, -46.0308, 86.9501, 2.60535, 1.57829
155.7, -45.77, 87.1075, 2.61019, 1.56921
155.8, -45.5087, 87.2639, 2.615, 1.56013
155.9, -45.247, 87.4195, 2.61978, 1.55103
156, -44.9848, 87.5741, 2.62453, 1.54193
156.1, -44.7221, 87.7279, 2.62925, 1.53281
156.2, -44.4589, 87.8807, 2.63394, 1.52368
156.3, -44.1953, 88.0326, 2.6386, 1.51454
156.4, -43.9312, 88.1836, 2.64323, 1.50538
156.5, -43.6667, 88.3337, 2.64783, 1.49622
156.6, -43.4016, 88.4828, 2.65241, 1.48704
156.7, -43.1362, 88.6311, 2.65695, 1.47785
156.8, -42.8703, 88.7784, 2.66146, 1.46866
156.9, -42.6039, 88.9248, 2.66594, 1.45945
157, -42.3371, 89.0703, 2.6704, 1.45023
157.1, -42.0698, 89.2149, 2.67482, 1.441
157.2, -41.8021, 89.3585, 2.67922, 1.43175
157.3, -41.534, 89.5012, 2.68358, 1.4225
157.4, -41.2654, 89.643, 2.68792, 1.41324
157.5, -40.9964, 89.7839, 2.69222, 1.40397
157.6, -40.7269, 89.9238, 2.6965, 1.39468
157.7, -40.4571, 90.0628, 2.70074, 1.38539
157.8, -40.1868, 90.2009, 2.70496, 1.37608
157.9, -39.9161, 90.338, 2.70914, 1.36677
158, -39.645, 90.4742, 2.7133, 1.35744
158.1, -39.3734, 90.6095, 2.71743, 1.34811
158.2, -39.1015, 90.7438, 2.72152, 1.33877
158.3, -38.8291, 90.8773, 2.72559, 1.32941
158.4, -38.5564, 91.0097, 2.72963, 1.32005
158.5, -38.2832, 91.1413, 2.73364, 1.31067
158.6, -38.0096, 91.2719, 2.73761, 1.30129
158.7, -37.7357, 91.4015, 2.74156, 1.2919
158.8, -37.4613, 91.5302, 2.74548, 1.28249
158.9, -37.1866, 91.658, 2.74937, 1.27308
159, -36.9114, 91.7849, 2.75323, 1.26366
159.1, -36.6359, 91.9108, 2.75706, 1.25423
159.2, -36.36, 92.0357, 2.76086, 1.24479
159.3, -36.0838, 92.1597, 2.76463, 1.23534
159.4, -35.8071, 92.2828, 2.76836, 1.22588
159.5, -35.5301, 92.4049, 2.77207, 1.21642
159.6, -35.2527, 92.5261, 2.77575, 1.20694
159.7, -34.9749, 92.6463, 2.7794, 1.19746
159.8, -34.6968, 92.7655, 2.78302, 1.18796
159.9, -34.4183, 92.8839, 2.78661, 1.17846
160, -34.1395, 93.0012, 2.79017, 1.16895
160.1, -33.8603, 93.1177, 2.79371, 1.15943
160.2, -33.5807, 93.2331, 2.79721, 1.14991
160.3, -33.3009, 93.3476, 2.80068, 1.14037
160.4, -33.0206, 93.4612, 2.80412, 1.13083
160.5, -32.74, 93.5738, 2.80753, 1.12128
160.6, -32.4591, 93.6855, 2.81091, 1.11172
160.7, -32.1778, 93.7962, 2.81426, 1.10215
160.8, -31.8963, 93.9059, 2.81758, 1.09257
160.9, -31.6143, 94.0147, 2.82087, 1.08299
161, -31.3321, 94.1225, 2.82414, 1.0734
161.1, -31.0495, 94.2293, 2.82737, 1.0638
161.2, -30.7666, 94.3352, 2.83057, 1.05419
161.3, -30.4834, 94.4402, 2.83374, 1.04458
161.4, -30.1999, 94.5442, 2.83688, 1.03496
161.5, -29.916, 94.6472, 2.84, 1.02533
161.6, -29.6319, 94.7492, 2.84308, 1.01569
161.7, -29.3474, 94.8503, 2.84613, 1.00605
161.8, -29.0626, 94.9504, 2.84915, 0.996399
161.9, -28.7776, 95.0496, 2.85215, 0.986741
162, -28.4922, 95.1478, 2.85511, 0.977076
162.1, -28.2065, 95.245, 2.85804, 0.967405
162.2, -27.9206, 95.3413, 2.86094, 0.957726
162.3, -27.6344, 95.4366, 2.86382, 0.948041
162.4, -27.3478, 95.5309, 2.86666, 0.938349
162.5, -27.061, 95.6242, 2.86947, 0.92865
162.6, -26.7739, 95.7166, 2.87226, 0.918945
162.7, -26.4866, 95.808, 2.87501, 0.909233
162.8, -26.1989, 95.8985, 2.87773, 0.899515
162.9, -25.911, 95.9879, 2.88042, 0.889791
163, -25.6229, 96.0764, 2.88309, 0.88006
163.1, -25.3344, 96.1639, 2.88572, 0.870323
163.2, -25.0457, 96.2505, 2.88832, 0.86058
163.3, -24.7567, 96.336, 2.8909, 0.850831
163.4, -24.4675, 96.4206, 2.89344, 0.841076
163.5, -24.1781, 96.5043, 2.89595, 0.831315
163.6, -23.8883, 96.5869, 2.89844, 0.821548
163.7, -23.5984, 96.6686, 2.90089, 0.811776
163.8, -23.3082, 96.7493, 2.90331, 0.801998
163.9, -23.0177, 96.829, 2.90571, 0.792214
164, -22.727, 96.9077, 2.90807, 0.782424
164.1, -22.4361, 96.9855, 2.91041, 0.77263
164.2, -22.1449, 97.0622, 2.91271, 0.762829
164.3, -21.8536, 97.138, 2.91498, 0.753024
164.4, -21.5619, 97.2128, 2.91723, 0.743213
164.5, -21.2701, 97.2867, 2.91944, 0.733397
164.6, -20.9781, 97.3595, 2.92162, 0.723576
164.7, -20.6858, 97.4314, 2.92378, 0.71375
164.8, -20.3933, 97.5023, 2.9259, 0.703919
164.9, -20.1006, 97.5722, 2.928, 0.694084
165, -19.8077, 97.6411, 2.93006, 0.684243
165.1, -19.5146, 97.709, 2.93209, 0.674398
165.2, -19.2213, 97.776, 2.9341, 0.664548
165.3, -18.9278, 97.8419, 2.93607, 0.654693
165.4, -18.6341, 97.9069, 2.93801, 0.644834
165.5, -18.3402, 97.9709, 2.93993, 0.63497
165.6, -18.0461, 98.0339, 2.94181, 0.625103
165.7, -17.7518, 98.0959, 2.94367, 0.61523
165.8, -17.4573, 98.1569, 2.94549, 0.605354
165.9, -17.1627, 98.217, 2.94728, 0.595473
166, -16.8679, 98.276, 2.94905, 0.585589
166.1, -16.5729, 98.3341, 2.95078, 0.5757
166.2, -16.2777, 98.3912, 2.95248, 0.565807
166.3, -15.9824, 98.4473, 2.95416, 0.555911
166.4, -15.6869, 98.5024, 2.9558, 0.546011
166.5, -15.3912, 98.5565, 2.95742, 0.536107
166.6, -15.0954, 98.6096, 2.959, 0.526199
166.7, -14.7994, 98.6617, 2.96055, 0.516288
166.8, -14.5033, 98.7128, 2.96208, 0.506373
166.9, -14.207, 98.763, 2.96357, 0.496455
167, -13.9106, 98.8121, 2.96503, 0.486533
167.1, -13.614, 98.8603, 2.96647, 0.476609
167.2, -13.3173, 98.9074, 2.96787, 0.466681
167.3, -13.0204, 98.9536, 2.96925, 0.456749
167.4, -12.7235, 98.9988, 2.97059, 0.446815
167.5, -12.4263, 99.043, 2.9719, 0.436878
167.6, -12.1291, 99.0862, 2.97319, 0.426938
167.7, -11.8317, 99.1284, 2.97444, 0.416995
167.8, -11.5342, 99.1696, 2.97566, 0.407049
167.9, -11.2366, 99.2098, 2.97686, 0.3971
168, -10.9388, 99.249, 2.97802, 0.387149
168.1, -10.641, 99.2872, 2.97915, 0.377195
168.2, -10.343, 99.3244, 2.98026, 0.367239
168.3, -10.0449, 99.3607, 2.98133, 0.35728
168.4, -9.74671, 99.3959, 2.98238, 0.347319
168.5, -9.44842, 99.4301, 2.98339, 0.337355
168.6, -9.15004, 99.4634, 2.98437, 0.32739
168.7, -8.85155, 99.4956, 2.98533, 0.317422
168.8, -8.55297, 99.5268, 2.98625, 0.307452
168.9, -8.2543, 99.5571, 2.98714, 0.29748
169, -7.95554, 99.5863, 2.98801, 0.287506
169.1, -7.6567, 99.6146, 2.98884, 0.27753
169.2, -7.35777, 99.6418, 2.98964, 0.267552
169.3, -7.05877, 99.6681, 2.99042, 0.257573
169.4, -6.75969, 99.6934, 2.99116, 0.247592
169.5, -6.46054, 99.7176, 2.99187, 0.237609
169.6, -6.16132, 99.7409, 2.99256, 0.227625
169.7, -5.86203, 99.7631, 2.99321, 0.21764
169.8, -5.56267, 99.7844, 2.99383, 0.207653
169.9, -5.26326, 99.8047, 2.99443, 0.197664
170, -4.96379, 99.8239, 2.99499, 0.187675
170.1, -4.66426, 99.8422, 2.99552, 0.177684
170.2, -4.36468, 99.8595, 2.99603, 0.167692
170.3, -4.06506, 99.8757, 2.9965, 0.157699
170.4, -3.76538, 99.891, 2.99694, 0.147706
170.5, -3.46567, 99.9053, 2.99736, 0.137711
170.6, -3.16591, 99.9186, 2.99774, 0.127715
170.7, -2.86612, 99.9308, 2.99809, 0.117719
170.8, -2.56629, 99.9421, 2.99842, 0.107722
170.9, -2.26644, 99.9524, 2.99871, 0.0977243
171, -1.96655, 99.9616, 2.99897, 0.0877261
171.1, -1.66664, 99.9699, 2.99921, 0.0777274
171.2, -1.36671, 99.9772, 2.99941, 0.0677284
171.3, -1.06676, 99.9835, 2.99958, 0.057729
171.4, -0.766794, 99.9887, 2.99973, 0.0477293
171.5, -0.466815, 99.993, 2.99984, 0.0377294
171.6, -0.166826, 99.9963, 2.99992, 0.0277294
171.7, 0.133169, 99.9986, 2.99998, 0.0177294
171.8, 0.433169, 99.9998, 3, 0.00772931
171.9, 0.733169, 100, 2.99999, -0.00227066
172, 1.03317, 99.9994, 2.99996, -0.0122705
172.1, 1.33316, 99.9976, 2.99989, -0.0222701
172.2, 1.63314, 99.9949, 2.99979, -0.0322694
172.3, 1.93312, 99.9912, 2.99966, -0.0422683
172.4, 2.23308, 99.9865, 2.99951, -0.0522668
172.5, 2.53302, 99.9807, 2.99932, -0.0622648
172.6, 2.83294, 99.974, 2.9991, -0.0722623
172.7, 3.13284, 99.9663, 2.99886, -0.0822591
172.8, 3.43271, 99.9576, 2.99858, -0.0922552
172.9, 3.73256, 99.9478, 2.99827, -0.102251
173, 4.03237, 99.9371, 2.99794, -0.112245
173.1, 4.33214, 99.9254, 2.99757, -0.122239
173.2, 4.63188, 99.9127, 2.99717, -0.132231
173.3, 4.93158, 99.8989, 2.99675, -0.142223
173.4, 5.23123, 99.8842, 2.99629, -0.152213
173.5, 5.53084, 99.8685, 2.9958, -0.162202
173.6, 5.83039, 99.8518, 2.99529, -0.17219
173.7, 6.1299, 99.8341, 2.99474, -0.182177
173.8, 6.42934, 99.8153, 2.99416, -0.192162
173.9, 6.72873, 99.7956, 2.99356, -0.202146
174, 7.02805, 99.7749, 2.99292, -0.212128
174.1, 7.32731, 99.7532, 2.99225, -0.222108
174.2, 7.6265, 99.7305, 2.99156, -0.232087
174.3, 7.92562, 99.7068, 2.99083, -0.242064
174.4, 8.22467, 99.6821, 2.99008, -0.252039
174.5, 8.52364, 99.6564, 2.98929, -0.262013
174.6, 8.82253, 99.6297, 2.98847, -0.271984
174.7, 9.12133, 99.602, 2.98763, -0.281953
174.8, 9.42005, 99.5733, 2.98675, -0.291921
174.9, 9.71868, 99.5436, 2.98584, -0.301886
175, 10.0172, 99.5129, 2.98491, -0.311849
175.1, 10.3157, 99.4812, 2.98394, -0.321809
175.2, 10.614, 99.4485, 2.98295, -0.331767
175.3, 10.9123, 99.4149, 2.98192, -0.341723
175.4, 11.2104, 99.3802, 2.98086, -0.351676
175.5, 11.5084, 99.3445, 2.97978, -0.361627
175.6, 11.8063, 99.3079, 2.97866, -0.371574
175.7, 12.1042, 99.2702, 2.97752, -0.38152
175.8, 12.4019, 99.2316, 2.97634, -0.391462
175.9, 12.6994, 99.1919, 2.97513, -0.401401
176, 12.9969, 99.1513, 2.9739, -0.411338
176.1, 13.2942, 99.1097, 2.97263, -0.421271
176.2, 13.5914, 99.067, 2.97134, -0.431202
176.3, 13.8885, 99.0234, 2.97001, -0.441129
176.4, 14.1854, 98.9788, 2.96866, -0.451053
176.5, 14.4822, 98.9332, 2.96727, -0.460974
176.6, 14.7789, 98.8866, 2.96586, -0.470891
176.7, 15.0754, 98.839, 2.96441, -0.480805
176.8, 15.3717, 98.7905, 2.96293, -0.490715
176.9, 15.668, 98.7409, 2.96143, -0.500622
177, 15.964, 98.6903, 2.95989, -0.510525
177.1, 16.2599, 98.6388, 2.95833, -0.520425
177.2, 16.5557, 98.5862, 2.95674, -0.53032
177.3, 16.8513, 98.5327, 2.95511, -0.540212
177.4, 17.1467, 98.4782, 2.95346, -0.5501
177.5, 17.442, 98.4227, 2.95177, -0.559984
177.6, 17.7371, 98.3662, 2.95006, -0.569863
177.7, 18.032, 98.3087, 2.94831, -0.579739
177.8, 18.3267, 98.2503, 2.94654, -0.58961
177.9, 18.6213, 98.1908, 2.94473, -0.599477
178, 18.9157, 98.1304, 2.9429, -0.60934
178.1, 19.2099, 98.0689, 2.94104, -0.619198
178.2, 19.5039, 98.0065, 2.93914, -0.629052
178.3, 19.7977, 97.9431, 2.93722, -0.638901
178.4, 20.0913, 97.8787, 2.93527, -0.648745
178.5, 20.3848, 97.8134, 2.93328, -0.658585
178.6, 20.678, 97.747, 2.93127, -0.66842
178.7, 20.971, 97.6797, 2.92923, -0.67825
178.8, 21.2638, 97.6114, 2.92715, -0.688076
178.9, 21.5564, 97.5421, 2.92505, -0.697896
179, 21.8488, 97.4718, 2.92292, -0.707711
179.1, 22.141, 97.4005, 2.92075, -0.717521
179.2, 22.433, 97.3283, 2.91856, -0.727325
179.3, 22.7247, 97.2551, 2.91634, -0.737125
179.4, 23.0163, 97.1809, 2.91409, -0.746919
179.5, 23.3076, 97.1057, 2.9118, -0.756708
179.6, 23.5986, 97.0295, 2.90949, -0.766491
179.7, 23.8895, 96.9524, 2.90715, -0.776268
179.8, 24.1801, 96.8743, 2.90478, -0.78604
179.9, 24.4704, 96.7952, 2.90238, -0.795806
180, 24.7605, 96.7151, 2.89995, -0.805567
180.1, 25.0504, 96.6341, 2.89749, -0.815321
180.2, 25.34, 96.5521, 2.895, -0.82507
180.3, 25.6294, 96.4691, 2.89247, -0.834812
180.4, 25.9185, 96.3851, 2.88992, -0.844548
180.5, 26.2074, 96.3001, 2.88734, -0.854279
180.6, 26.496, 96.2142, 2.88473, -0.864003
180.7, 26.7843, 96.1273, 2.88209, -0.87372
180.8, 27.0724, 96.0395, 2.87942, -0.883432
180.9, 27.3602, 95.9507, 2.87672, -0.893136
181, 27.6478, 95.8609, 2.874, -0.902835
181.1, 27.935, 95.7701, 2.87124, -0.912526
181.2, 28.222, 95.6784, 2.86845, -0.922211
181.3, 28.5087, 95.5857, 2.86563, -0.93189
181.4, 28.7951, 95.492, 2.86278, -0.941561
181.5, 29.0813, 95.3973, 2.8599, -0.951226
181.6, 29.3671, 95.3017, 2.85699, -0.960883
181.7, 29.6527, 95.2052, 2.85406, -0.970534
181.8, 29.9379, 95.1076, 2.85109, -0.980177
181.9, 30.2229, 95.0091, 2.84809, -0.989814
182, 30.5075, 94.9097, 2.84507, -0.999442
182.1, 30.7919, 94.8092, 2.84201, -1.00906
182.2, 31.0759, 94.7079, 2.83892, -1.01868
182.3, 31.3597, 94.6055, 2.83581, -1.02829
182.4, 31.6431, 94.5022, 2.83266, -1.03788
182.5, 31.9262, 94.3979, 2.82948, -1.04748
182.6, 32.209, 94.2927, 2.82628, -1.05706
182.7, 32.4915, 94.1865, 2.82304, -1.06664
182.8, 32.7736, 94.0794, 2.81978, -1.0762
182.9, 33.0554, 93.9713, 2.81649, -1.08576
183, 33.3369, 93.8622, 2.81316, -1.09532
183.1, 33.6181, 93.7522, 2.80981, -1.10486
183.2, 33.8989, 93.6412, 2.80642, -1.1144
183.3, 34.1793, 93.5293, 2.80301, -1.12392
183.4, 34.4595, 93.4165, 2.79957, -1.13344
183.5, 34.7392, 93.3026, 2.7961, -1.14295
183.6, 35.0187, 93.1879, 2.79259, -1.15246
183.7, 35.2978, 93.0722, 2.78906, -1.16195
183.8, 35.5765, 92.9555, 2.7855, -1.17144
183.9, 35.8549, 92.8379, 2.78191, -1.18091
184, 36.1329, 92.7193, 2.77829, -1.19038
184.1, 36.4105, 92.5998, 2.77464, -1.19984
184.2, 36.6878, 92.4793, 2.77096, -1.20929
184.3, 36.9647, 92.3579, 2.76725, -1.21873
184.4, 37.2413, 92.2356, 2.76351, -1.22816
184.5, 37.5174, 92.1123, 2.75974, -1.23759
184.6, 37.7932, 91.9881, 2.75594, -1.247
184.7, 38.0686, 91.8629, 2.75211, -1.2564
184.8, 38.3436, 91.7368, 2.74826, -1.2658
184.9, 38.6183, 91.6097, 2.74437, -1.27518
185, 38.8925, 91.4818, 2.74045, -1.28456
185.1, 39.1663, 91.3528, 2.73651, -1.29393
185.2, 39.4398, 91.223, 2.73253, -1.30328
185.3, 39.7129, 91.0922, 2.72852, -1.31263
185.4, 39.9855, 90.9604, 2.72449, -1.32197
185.5, 40.2578, 90.8278, 2.72043, -1.33129
185.6, 40.5296, 90.6942, 2.71633, -1.34061
185.7, 40.801, 90.5597, 2.71221, -1.34992
185.8, 41.072, 90.4242, 2.70805, -1.35922
185.9, 41.3426, 90.2878, 2.70387, -1.3685
186, 41.6128, 90.1505, 2.69966, -1.37778
186.1, 41.8826, 90.0123, 2.69542, -1.38705
186.2, 42.1519, 89.8731, 2.69115, -1.3963
186.3, 42.4208, 89.733, 2.68685, -1.40555
186.4, 42.6893, 89.592, 2.68252, -1.41478
186.5, 42.9573, 89.45, 2.67816, -1.424
186.6, 43.2249, 89.3072, 2.67377, -1.43322
186.7, 43.492, 89.1634, 2.66935, -1.44242
186.8, 43.7588, 89.0187, 2.6649, -1.45161
186.9, 44.025, 88.8731, 2.66042, -1.46079
187, 44.2908, 88.7265, 2.65592, -1.46996
187.1, 44.5562, 88.5791, 2.65138, -1.47912
187.2, 44.8211, 88.4307, 2.64682, -1.48826
187.3, 45.0856, 88.2814, 2.64222, -1.4974
187.4, 45.3496, 88.1312, 2.6376, -1.50652
187.5, 45.6131, 87.9801, 2.63294, -1.51563
187.6, 45.8762, 87.8281, 2.62826, -1.52473
187.7, 46.1387, 87.6752, 2.62355, -1.53382
187.8, 46.4009, 87.5213, 2.61881, -1.5429
187.9, 46.6625, 87.3666, 2.61404, -1.55197
188, 46.9237, 87.2109, 2.60924, -1.56102
188.1, 47.1844, 87.0544, 2.60441, -1.57006
188.2, 47.4446, 86.8969, 2.59955, -1.57909
188.3, 47.7043, 86.7386, 2.59466, -1.58811
188.4, 47.9635, 86.5793, 2.58974, -1.59711
188.5, 48.2222, 86.4192, 2.58479, -1.60611
188.6, 48.4804, 86.2581, 2.57982, -1.61509
188.7, 48.7382, 86.0961, 2.57481, -1.62405
188.8, 48.9954, 85.9333, 2.56978, -1.63301
188.9, 49.2521, 85.7695, 2.56471, -1.64195
189, 49.5084, 85.6049, 2.55962, -1.65088
189.1, 49.7641, 85.4394, 2.5545, -1.6598
189.2, 50.0193, 85.2729, 2.54935, -1.6687
189.3, 50.2739, 85.1056, 2.54417, -1.67759
189.4, 50.5281, 84.9374, 2.53896, -1.68647
189.5, 50.7817, 84.7683, 2.53372, -1.69534
189.6, 51.0348, 84.5983, 2.52845, -1.70419
189.7, 51.2874, 84.4275, 2.52315, -1.71303
189.8, 51.5395, 84.2557, 2.51783, -1.72185
189.9, 51.791, 84.0831, 2.51247, -1.73066
190, 52.042, 83.9096, 2.50709, -1.73946
190.1, 52.2924, 83.7352, 2.50167, -1.74825
190.2, 52.5423, 83.56, 2.49623, -1.75702
190.3, 52.7916, 83.3838, 2.49076, -1.76577
190.4, 53.0404, 83.2068, 2.48526, -1.77452
190.5, 53.2887, 83.0289, 2.47973, -1.78325
190.6, 53.5364, 82.8502, 2.47417, -1.79196
190.7, 53.7835, 82.6705, 2.46858, -1.80066
190.8, 54.0301, 82.49, 2.46296, -1.80935
190.9, 54.2761, 82.3087, 2.45732, -1.81802
191, 54.5216, 82.1264, 2.45164, -1.82668
191.1, 54.7664, 81.9433, 2.44594, -1.83532
191.2, 55.0107, 81.7594, 2.4402, -1.84395
191.3, 55.2545, 81.5745, 2.43444, -1.85257
191.4, 55.4976, 81.3888, 2.42865, -1.86117
191.5, 55.7402, 81.2023, 2.42283, -1.86975
191.6, 55.9822, 81.0149, 2.41698, -1.87832
191.7, 56.2236, 80.8266, 2.4111, -1.88687
191.8, 56.4644, 80.6375, 2.4052, -1.89541
191.9, 56.7046, 80.4475, 2.39926, -1.90394
192, 56.9443, 80.2567, 2.3933, -1.91245
192.1, 57.1833, 80.0651, 2.38731, -1.92094
192.2, 57.4217, 79.8725, 2.38128, -1.92942
192.3, 57.6596, 79.6792, 2.37523, -1.93788
192.4, 57.8968, 79.485, 2.36915, -1.94633
192.5, 58.1334, 79.2899, 2.36305, -1.95476
192.6, 58.3694, 79.094, 2.35691, -1.96318
192.7, 58.6048, 78.8973, 2.35074, -1.97158
192.8, 58.8395, 78.6997, 2.34455, -1.97996
192.9, 59.0737, 78.5013, 2.33833, -1.98833
193, 59.3072, 78.302, 2.33208, -1.99668
193.1, 59.5401, 78.1019, 2.3258, -2.00501
193.2, 59.7724, 77.901, 2.31949, -2.01333
193.3, 60.004, 77.6993, 2.31315, -2.02164
193.4, 60.235, 77.4967, 2.30678, -2.02992
193.5, 60.4654, 77.2933, 2.30039, -2.03819
193.6, 60.6951, 77.0891, 2.29397, -2.04645
193.7, 60.9241, 76.884, 2.28751, -2.05468
193.8, 61.1526, 76.6781, 2.28103, -2.0629
193.9, 61.3804, 76.4714, 2.27453, -2.0711
194, 61.6075, 76.2639, 2.26799, -2.07929
194.1, 61.834, 76.0556, 2.26142, -2.08746
194.2, 62.0598, 75.8464, 2.25483, -2.09561
194.3, 62.2849, 75.6364, 2.24821, -2.10374
194.4, 62.5094, 75.4257, 2.24155, -2.11186
194.5, 62.7332, 75.2141, 2.23487, -2.11996
194.6, 62.9564, 75.0017, 2.22817, -2.12804
194.7, 63.1789, 74.7885, 2.22143, -2.1361
194.8, 63.4007, 74.5745, 2.21467, -2.14415
194.9, 63.6218, 74.3596, 2.20787, -2.15217
195, 63.8422, 74.144, 2.20105, -2.16018
195.1, 64.062, 73.9276, 2.1942, -2.16817
195.2, 64.2811, 73.7104, 2.18733, -2.17615
195.3, 64.4995, 73.4924, 2.18042, -2.1841
195.4, 64.7172, 73.2736, 2.17349, -2.19204
195.5, 64.9342, 73.054, 2.16652, -2.19996
195.6, 65.1505, 72.8336, 2.15953, -2.20786
195.7, 65.3661, 72.6124, 2.15251, -2.21574
195.8, 65.581, 72.3904, 2.14547, -2.2236
195.9, 65.7952, 72.1677, 2.13839, -2.23145
196, 66.0087, 71.9441, 2.13129, -2.23927
196.1, 66.2214, 71.7198, 2.12416, -2.24708
196.2, 66.4335, 71.4947, 2.117, -2.25487
196.3, 66.6448, 71.2688, 2.10981, -2.26263
196.4, 66.8554, 71.0422, 2.1026, -2.27038
196.5, 67.0653, 70.8148, 2.09536, -2.27811
196.6, 67.2745, 70.5866, 2.08809, -2.28582
196.7, 67.483, 70.3576, 2.08079, -2.29351
196.8, 67.6907, 70.1279, 2.07346, -2.30118
196.9, 67.8977, 69.8974, 2.06611, -2.30883
197, 68.1039, 69.6661, 2.05872, -2.31646
197.1, 68.3094, 69.4341, 2.05131, -2.32407
197.2, 68.5142, 69.2013, 2.04388, -2.33167
197.3, 68.7182, 68.9677, 2.03641, -2.33924
197.4, 68.9214, 68.7334, 2.02892, -2.34679
197.5, 69.124, 68.4984, 2.0214, -2.35432
197.6, 69.3257, 68.2626, 2.01385, -2.36183
197.7, 69.5267, 68.026, 2.00627, -2.36932
197.8, 69.727, 67.7887, 1.99867, -2.37679
197.9, 69.9265, 67.5507, 1.99104, -2.38423
198, 70.1252, 67.3119, 1.98338, -2.39166
198.1, 70.3231, 67.0723, 1.97569, -2.39907
198.2, 70.5203, 66.8321, 1.96798, -2.40645
198.3, 70.7167, 66.591, 1.96023, -2.41382
198.4, 70.9124, 66.3493, 1.95247, -2.42116
198.5, 71.1072, 66.1068, 1.94467, -2.42848
198.6, 71.3013, 65.8636, 1.93685, -2.43578
198.7, 71.4946, 65.6197, 1.92899, -2.44306
198.8, 71.6871, 65.375, 1.92112, -2.45032
198.9, 71.8788, 65.1296, 1.91321, -2.45755
199, 72.0697, 64.8835, 1.90528, -2.46477
199.1, 72.2599, 64.6366, 1.89732, -2.47196
199.2, 72.4492, 64.3891, 1.88933, -2.47913
199.3, 72.6377, 64.1408, 1.88132, -2.48628
199.4, 72.8255, 63.8918, 1.87327, -2.4934
199.5, 73.0124, 63.6421, 1.86521, -2.5005
199.6, 73.1985, 63.3917, 1.85711, -2.50759
199.7, 73.3838, 63.1406, 1.84899, -2.51464
199.8, 73.5683, 62.8888, 1.84084, -2.52168
199.9, 73.752, 62.6363, 1.83266, -2.52869
200, 73.9348, 62.3831, 1.82446, -2.53568
